Vorname;Nachname;PLZ;Ort;Straße;Hausnummer;Telefon;Gebutsdatum;EMail
Jonas;Mertens;51065;Köln;Wiesbadener Str.;4;015230458057;12.07.1986;mertens.jonas@gmx.net
Rita;Sauer;04107;Leipzig;Karl-Liebknecht-Str.;19;015731318137;13.08.1988;rita.sauer@alphafrau.de
Heiko;Marx;64293;Darmstadt;Dornheimer Weg;24;015145735408;02.07.1990;heiko.marx@ist-einmalig.de
Franz;Reuter;07333;Könitz;Goethestr.;7;01718182999 ;23.04.1981;franz.reuter@partybombe.de
Kim;Gruber;87484;Nesselwang;Füssener Str.;57;015777672548;06.10.1987;kim.gruber@turboprinzessin.de
Tina;Unger;35043;Marburg;Gießener Str.;5a;015208356597;17.02.1991;tina.unger@schmusemail.de
Anita;Hesse;74595;Langenburg;Bahnweg;28;015234499541;19.04.1988;anita.hesse@fantasymail.de
Roman;Sturm;56070;Koblenz;Ernst-Sachs-Str.;11;015173123658;08.10.1993;roman.sturm@die-genossen.de
Steven;Kopp;14129;Berlin;Altvaterstr.;1;01738362376 ;12.08.1983;steven.kopp@die-optimisten.net
Otto;Seitz;97980;Bad;Dieselstr.;2;01734048590 ;13.05.1991;otto.seitz@turboprinz.de
Fred;Renner;22113;Oststeinbek;Am Knick;32;01601984081 ;07.12.1990;fred.renner@gentlemansclub.de
Lucy;Siebert;52351;Düren;Arnoldsweilerstr.;60;015751378053;04.11.1985;lucy.siebert@buerotiger.de
Fabian;Engler;68526;Ladenburg;Am Sägewerk;7;015784008754;27.02.1983;fabian.engler@streber24.de
Heino;Kiefer;63165;Mühlheim;Hanauer Str.;18;01602513128 ;13.04.1993;heino.kiefer@gmx-topmail.de
Enrico;Baum;82166;Gräfelfing;Lochhamer Schlag;5;015236796358;23.08.1984;enrico.baum@freudenkinder.de
Richard;Kurz;54292;Trier;Ruwerer Str.;44;01780471433 ;02.11.1992;Richard.kurz@gentlemansclub.de
Carla;Schramm;21218;Seevetal;Kirchstr.;24;015776785026;17.02.1986;carla.schramm@fantasymail.de
Julius;Binder;14167;Berlin;Kilstetter Str.;33a;015169880849;29.05.1989;julius.binder@die-genossen.de
Stella;Boehm;47228;Duisburg;Moerser Str.;34;015255014246;06.12.1990;stella.boehm@die-optimisten.net
Emil;Kohl;56070;Koblenz;Wallersheimer Weg;13;01732614224 ;28.05.1984;emil.kohl@turboprinz.de
Ines;Stahl;22559;Hamburg;Gerlindweg;10;01634166311 ;10.09.1973;ines.stahl@schmusemail.de
Paul;Dettmer;75382;Althengstett;Im Unteren Ried;44;015738131454;13.09.1984;paul.dettmer@gmx.de
Frank;Wiedel;49191;Belm;Weberstr.;7;01609781322;02.11.1987;frank.wiedel@turboprinz.de
Fiona;Linke;21244;Buchholz;Müllerstr.;6;015774383633;20.11.1993;fiona.linke@alphafrau.de
Bodo;Neubert;38126;Braunschweig;Heidbleekanger;5;015254848219;27.04.1980;bodo.neubert@partyheld.de
Verena;Held;26125;Oldenburg;Langenweg;10;015781242611;10.07.1984;verena.held@schmusemail.de
Samuel;Kirsch;48157;Münster;Kiesekampweg;2;015200215414;12.03.1986;samuel.kirsch@gmx-topmail.de
Carmen;Heine;39112;Magdeburg;Jordanstr.;4;015154981976;24.10.1990;carmen.heine@women-at-work.org
Olga;Bruns;52066;Aachen;Eupener Str.;35;01752089807;12.06.1989;olga.bruns@fantasymail.de
Guido;Schiller;86152;Augsburg;Jakoberstr.;5;01795903419;06.07.1986;guido.schiller@sonnenkinder.org
Kim;Walther;57072;Siegen;Obergraben;39;015148851144;04.10.1993;kim.walther@die-optimisten.net
Albert;Rau;07973;Greiz;Grünrathstr.;2;015169843835;29.04.1978;albert.rau@topmail-files.de
Tobias;Kramer;56812;Cochem;Oberbachstr.;40;01734626735;13.06.1990;tobias.kramer@gentlemansclub.de
Mandy;Geisler;04347;Leipzig;Gorkistr.;72;01631983122;04.11.1992;mandy.geisler@vollbio.de
Hendrik;Jacobs;63571;Gelnhausen;Gutenbergstr.;1;015129565934;14.03.1988;hendrik.jacobs@sonnenkinder.org
Konrad;Reich;07381;Pößneck;Straße des Friedens;34;015207912115;08.10.1981;konrad.reich@fantasymail.de
Kira;Ahrens;22143;Hamburg;Merkurring;110;015904957764;22.08.1993;kira.ahrens@gmx-topmail.de
Fred;Hammer;04720;Döbeln;Bahnhofstr.;20;015174449314;04.10.1980;fred.hammer@topmail-files.de
Marina;Witt;81477;München;Meglingerstr.;49;01756801728;18.03.1984;marina.witt@women-at-work.org
Anton;Vetter;86836;Untermeitingen;Brünnerstr.;4;01745928902;26.02.1986;anton.vetter@schmusemail.de
Armin;Groll;18057;Rostock;Luisenstr.;16;015775930474;12.06.1981;armin.groll@partyheld.de
Heinz;Keil;23556;Lübeck;Rapsacker;10;015785958195;06.07.1979;heinz.keil@turboprinz.de
Marko;Wissmann;90762;Fürth;Dr.-Mack-Str.;32;01730492075;24.09.1989;marko.wissmann@gmx.de
Dagmar;Riedel;34123;Kassel;Leipziger Str.;240;01796376536;19.02.1984;dagmar.riedel@alphafrau.de
Nick;Breuer;49661;Cloppenburg;Otto-Hahn-Str.;11;015737545448;06.11.1987;nick.breuer@turboprinz.de
Nadja;Kolbe;42281;Wuppertal;Märkische Str.;14;015222458980;17.11.1989;nadja.kolbe@fantasymail.de
Heidi;Hirsch;73230;Kirchheim;Schlierbacher Str.;84;015752975283;23.10.1980;heidi.hirsch@freudenkinder.de
Linda;Hummel;76137;Karlsruhe;Zimmerstr.;1;01743347594;08.04.1985;linda.hummel@vollbio.de
Sarah;Hauser;22045;Hamburg;Kuehnstr.;19;015129182075;06.04.1989;sarah.hauser@buerotiger.de
Jana;Herzog;12207;Berlin;Landweg 5;B;015173892377;24.11.1987;jana.herzog@streber24.de
Mirco;Blum;81671;München;Ampfingstr.;32;015117011216;12.03.1985;mirco.blum@sonnenkinder.org
Emma;Wiese;48455;Bad;Stockholmer Str.;6;015140596655;10.04.1993;emma.wiese@partybombe.de
Steven;Schoen;32425;Minden;Am Kortenhoop;59;01739252836;24.12.1988;steven.schoen@freudenkinder.de
Fred;Kluge;26133;Oldenburg;Cloppenburger Str.;458;01780408769;18.10.1977;fred.kluge@gmx-topmail.de
Steffen;Decker;72766;Reutlingen;Stuttgarter Str.;17;01767068845;26.07.1983;steffen.decker@partyheld.de
Heino;Glaser;28719;Bremen;Bremer Heerstr. 10;A;01760516519;14.06.1984;heino.glaser@feinripptraeger.de
Ellen;Erdmann;60528;Frankfurt;Gerauer Str.;6;015237041634;09.11.1987;ellen.erdmann@fantasymail.de
Fabian;Fritsch;41066;Mönchengladbach;Engelblecker Str.;33;015223550637;22.07.1989;fabian.fritsch@topmail-files.de
Rita;Becker;57610;Altenkirchen;Kölner Str.;76;01600617443;13.09.1979;rita.becker@sonnenkinder.org
Detlef;Sommer;41540;Dormagen;Bergiusstr.;2;015774244460;07.04.1981;detlef.sommer@gmx-ist-cool.de
Jochen;Sauer;78628;Rottweil;Stadtgrabenstr.;6;015755172854;07.10.1987;jochen.sauer@gentlemansclub.de
Manuel;Ott;12529;Schönefeld;An den Gehren;5;01734124462;19.06.1989;manuel.ott@die-optimisten.net
Emilia;Schenk;86154;Augsburg;Donauwörther Str.;128;01719213669;23.04.1990;emilia.schenk@schmusemail.de
Ronald;Lentz;22525;Hamburg;Lederstr.;24;01621481812;09.02.1980;ronald.lentz@gmx.de
Antonia;Eckert;12489;Berlin;Glienicker Weg;125;015128791942;02.09.1990;antonia.eckert@partybombe.de
Chris;Weibach;61184;Karben;Dieselstr.;4;015759055015;17.12.1993;chris.weibach@turboprinz.de
Anna;Krebs;68165;Mannheim;Werderstr.;20;015236827322;15.06.1988;anna.krebs@schmusemail.de
Gustav;Funk;64293;Darmstadt;Mainzer Str.;116;015777891648;07.11.1979;gustav.funk@freudenkinder.de
Tina;Schiller;64283;Darmstadt;Rheinstr.;60;01631643301;25.04.1987;tina.schiller@die-optimisten.net
Anton;Gutsche;76133;Karlsruhe;Kriegsstr.;154;01759020553;29.04.1980;anton.gutsche@die-genossen.de
Iris;Kettner;26105;Oldenburg;Stubbenweg;40;015208851705;21.06.1985;iris.kettner@fantasymail.de
Justin;Liebscher;27793;Wildeshausen;Düngstruper Str.;87;015124694047;12.03.1992;justin.liebscher@gentlemansclub.de
Daniela;Haak;30659;Hannover;Podbielskistr.;370;015201702902;11.09.1987;daniela.haak@gmx-ist-cool.de
Felix;Birner;74653;Künzelsau;Bernerstr.;4;01781662275;23.06.1989;felix.birner@gmx-topmail.de
Britta;Glass;06110;Halle;Merseburger Str.;52;01637639374;04.11.1985;britta.glass@shared-files.de
Uta;Bohl;79618;Rheinfelden;Untere Kanalstr.;3;015204156530;30.10.1983;uta.bohl@topmail-files.de
Lars;Weigert;70565;Stuttgart;Schockenriedstr.;4;01621126486;11.07.1988;lars.weigert@buerotiger.de
Carmen;Niehaus;97877;Wertheim;Alfred-Zippe-Str.;4;015154904411;29.04.1990;carmen.niehaus@streber24.de
Jenny;Stahl;14167;Berlin;Goerzallee;253;01718399333;16.08.1992;jenny.stahl@sonnenkinder.org
Soeren;Kapp;44651;Herne;Herzogstr.;28;015731237405;08.10.1981;soeren.kapp@fantasymail.de
Olaf;Stracke;21509;Glinde;Biedenkamp;23;01757030405;26.01.1986;olaf.stracke@quantentunnel.de
Jochen;Finke;85386;Eching;Königsberger Str.;7;015739616563;27.04.1982;jochen.finke@gmx-topmail.de
Mario;Langenbach;22525;Hamburg;Melanchthonstr.;27;015739644482;23.09.1984;mario.langenbach@gmx-topmail.de
Jamie;Weisheit;50933;Köln;Stolberger Str.;86;015128570090;15.02.1993;jamie.weisheit@die-optimisten.net
Saskia;Schaller;17489;Greifswald;Helmshäger Str.;10;015234313114;17.06.1990;saskia.schaller@gmx.de
Julius;Becker;52477;Alsdorf;Maurerstr.;47;015779179699;16.11.1980;julius.becker@die-optimisten.net
Jana;Boll;24937;Flensburg;Kielseng;11;015222424508;08.12.1984;jana.boll@vollbio.de
Achim;Koester;22457;Hamburg;Kulemannstieg;35;01709000240;18.12.1977;achim.koester@topmail-files.de
Manuel;Lind;53919;Weilerswist;Rudolf-Diesel-Str.;4a;01712871463;06.10.1988;manuel.lind@buerotiger.de
Pia;Hertlein;54662;Herforst;Beilinger Str.;9;01721591773;22.08.1993;pia.hertlein@fantasymail.de
Bianca;Krell;04552;Borna;Lindenstr.;4;015229764275;14.05.1990;bianca.krell@freudenkinder.de
Steffen;Hartmann;45326;Essen;Kleine Hammerstr.;49;01796744348;27.03.1986;steffen.hartmann@turboprinz.de
Ingo;Schmidt;41844;Wegberg;Siemensweg;50;01752341154;31.01.1981;ingo.schmidt@schmusemail.de
Harald;Weiss;07607;Eisenberg;Jenaer Str.;38;01749059634;22.07.1979;harald.weiss@gentlemansclub.de
Leni;Bischoff;54518;Altrich;Klausener Str.;9;015222997980;09.10.1993;leni.bischoff@sonnenkinder.org
Judith;Knauf;66955;Pirmasens;Berliner Ring;89;015150039242;24.06.1988;judith.knauf@gmx-topmail.de
Carmen;Otto;64293;Darmstadt;Landwehrstr.;55;015151051014;19.02.1990;carmen.otto@public-files.de
Bruno;Hinkel;22089;Hamburg;Hagenau;77;015733876078;22.04.1981;bruno.hinkel@gentlemansclub.de
Verena;Foss;35039;Marburg;Am Krekel;55;01746647793;03.07.1987;verena.foss@topmail-files.de
Danny;Adler;54529;Spangdahlem;Schleifweg;15;01752170811;08.11.1990;danny.adler@betriebsdirektor.de
Anke;Meier;82008;Unterhaching;Am Sportpark;4;01730997041;12.06.1987;anke.meier@buerotiger.de
Tobias;Schenk;89312;Günzburg;Lußweg;2;01760858900;28.03.1984;tobias.schenk@die-genossen.de
Leo;Dorsch;07338;Leutenberg;Saalfelder Str.;35;01634713555;30.05.1992;leo.dorsch@freudenkinder.de
Paula;Deckert;56068;Koblenz;Bahnhofplatz;7;01608057142;11.09.1987;paula.deckert@fantasymail.de
Ben;Rebmann;49393;Lohne;Biberweg;53;01621754555;24.01.1992;ben.rebmann@coole-files.de
Marion;Wohlfart;24768;Rendsburg;Kieler Str.;171;01740743212;07.04.1980;marion.wohlfart@gmx.de
Uwe;Steinmann;34123;Kassel;Eichwaldstr.;27;015904413046;23.09.1986;uwe.steinmann@partyheld.de
Susie;Hildebrand;07381;Pößneck;Wohlfarthstr.;7;01771279952;03.07.1990;susie.hildebrand@gmx-topmail.de
Antonia;Franke;20255;Hamburg;Eichenstr.;40;01768111777;03.07.1994;antonia.franke@sonnenkinder.org
Beate;Moeller;50937;Köln;Sülzburgstr.;146;015161887344;29.04.1987;beate.moeller@coole-files.de
Conni;Keller;80539;München;Maximilianstr.;35;015160911500;10.12.1990;conni.keller@digital-filestore.de
Denis;Jung;29221;Celle;Bahnhofstr.;22;01757276556;28.09.1993;denis.jung@public-files.de
Elena;Beck;70197;Stuttgart;Esperantostr.;12;01738035633;12.09.1994;elena.beck@topmail-files.de
Gabi;Vogel;26215;Wiefelstede;Jürnweg;7;01712604274;26.08.1988;gabi.vogel@die-optimisten.net
Guido;Sauer;86159;Augsburg;Schertlinstr.;23;015177913085;30.01.1983;guido.sauer@schmusemail.de
Lukas;Beyer;07548;Gera;Leibnizstr.;74;015203255170;21.03.1992;lukas.beyer@die-optimisten.net
Mark;Neubauer;32427;Minden;Moltkestr.;11;01602227731;06.12.1985;mark.neubauer@gentlemansclub.de
Nina;Bender;49076;Osnabrück;Zum Attersee;9;01798638044;07.11.1990;nina.bender@digital-filestore.de
Ralf;Steiner;56477;Rennerod;Bahnhofstr.;68;015905448476;10.02.1987;ralf.steiner@public-files.de
Heidi;Wenzel;37081;Göttingen;Salinenweg;2a;01626380522;23.04.1988;heidi.wenzel@schmusemail.de
Rolf;Hirsch;07806;Neustadt;Ziegeleiweg;5;015167831689;22.07.1981;rolf.hirsch@turboprinz.de
Frank;Lorenz;53332;Bornheim;Siemenacker;12;01700779170;16.09.1988;frank.lorenz@fantasymail.de
Rommy;Marx;18069;Rostock;Carl-Hopp-Str.;15;015777134980;30.01.1990;rommy.marx@women-at-work.org
Noah;Kaufmann;84130;Dingolfing;Landshuter Str.;56;015235073149;29.06.1993;noah.kaufmann@vollbio.de
Manuel;Kruse;89362;Offingen;Schöllerstr.;10;015146602190;19.10.1992;manuel.kruse@die-optimisten.net
Hanna;Ziegler;54292;Trier;Herzogenbuscher Str.;17;015775612789;23.07.1991;hanna.ziegler@schmusemail.de
Louise;Becht;56626;Andernach;Koblenzer Str.;57;01628597025;14.08.1990;louise.becht@gmx.de
Thilo;Grobe;06667;Weißenfels;Nicolaistr.;12;01737264505;26.04.1980;thilo.grobe@public-files.de
Florian;Pollak;98630;Westenfeld;Oberes Tor;106;015785247684;08.04.1992;florian.pollak@vorsicht-scharf.de
Verena;Reiff;76137;Karlsruhe;Schützenstr.;57;015776452029;30.05.1990;verena.reiff@public-files.de
Gunter;Wey;50170;Kerpen;Erftstr.;20;01603143643;13.07.1979;gunter.wey@freudenkinder.de
Karen;Weissbach;36381;Schlüchtern;Gartenstr.;25;01768378041;07.11.1986;karen.weissbach@women-at-work.org
Rudolf;Krahn;56068;Koblenz;Bahnhofstr.;24;01631363353;19.04.1980;rudolf.krahn@gmx-topmail.de
Ralf;Boller;81547;München;Grünwalder Str.;11;015782336700;27.06.1984;ralf.boller@buerotiger.de
Melanie;Hilmer;54634;Bitburg;Südring;14;015116458933;29.01.1992;melanie.hilmer@fantasymail.de
Kurt;Vorwerk;63303;Dreieich;Frankfurter Str.;123;015909097426;07.03.1982;kurt.vorwerk@freudenkinder.de
Sandra;Lieder;34497;Korbach;Frankenberger Landstr.;20;015141285217;18.06.1990;sandra.lieder@women-at-work.org
Robert;Gramlich;22848;Norderstedt;Gutenbergring;7;015116509552;03.07.1984;robert.gramlich@gmx-topmail.de
Nina;Zimmerer;10315;Berlin;Rhinstr.;141;01782928796;28.09.1990;nina.zimmerer@buerotiger.de
Mark;Knab;28259;Bremen;Norderoog;4;01749130182;19.02.1988;mark.knab@fantasymail.de
Erika;Strunz;26386;Wilhelmshaven;Loggerstr.;16;01726147332;13.04.1980;erika.strunz@vorsicht-scharf.de
Uli;Bendig;07552;Gera;Otto-Hahn-Str.;2;015777115553;17.12.1983;uli.bendig@public-files.de
Falk;Schopf;26723;Emden;Stedinger Str.;22;01731211553;04.11.1985;falk.schopf@freudenkinder.de
Sandy;Schoell;56626;Andernach;Rasselsteinstr.;14;015777645803;07.10.1991;sandy.schoell@women-at-work.org
Robin;Ammann;54614;Giesdorf;Nimsweg;5;01721376429;19.04.1993;robin.ammann@gmx-topmail.de
Paula;Hansel;03046;Cottbus;Briesener Str.;40;015158665994;09.10.1989;paula.hansel@buerotiger.de
Natalie;Senf;50823;Köln;Liebigstr.;120;01720215885;23.04.1992;natalie.senf@fantasymail.de
Robin;Suffar;24340;Eckernförde;Flensburger Str.;17;015786429945;09.04.1989;robin.suffar@gmx.de
Benno;Schwarz;06112;Halle;Magdeburger Str.;36;015235744092;21.03.1982;benno.schwarz@gentlemansclub.de
Erik;Schenk;51065;Köln;Wiesbadener Str.;4;015906709651;15.07.1983;erik.schenk@sonnenkinder.org
Fabian;Geselle;53879;Euskirchen;An der Vogelrute;36;01779151363;29.07.1992;fabian.geselle@gmx-topmail.de
Ingo;Saft;15344;Strausberg;Hegermühlenstr.;58;01737436361;09.11.1982;ingo.saft@digital-filestore.de
Juergen;Busse;63477;Maintal;Neckarstr.;7;01701525396;22.09.1985;juergen.busse@die-optimisten.net
Maik;Rossberg;04564;Böhlen;Barbaraweg;12;015259387033;16.08.1988;maik.rossberg@die-optimisten.net
Nicole;Hopf;26388;Wilhelmshaven;Flutstr.;210;01779232477;27.04.1990;nicole.hopf@fantasymail.de
Carsten;Becker;51061;Köln;Buchholzstr.;9;01710050999;10.02.1986;carsten.becker@gentlemansclub.de
Elke;Rost;64293;Darmstadt;Dornheimer Weg;24;01637218638;11.07.1980;elke.rost@sonnenkinder.org
Frederik;Sommer;07570;Weida;Am Schafberge;11;015732666275;26.03.1984;frederik.sommer@gmx-topmail.de
Heiko;Meier;54292;Trier;Ruwerer Str.;44;015153982846;30.08.1989;heiko.meier@digital-filestore.de
Daniel;Schueler;70806;Kornwestheim;Max-Planck-Str.;10;015901628817;06.08.1991;daniel.schueler@gentlemansclub.de
Doris;Weisheit;50389;Wesseling;Ludwigshafener Str.;1;01621174181;28.07.1980;doris.weisheit@sonnenkinder.org
Gabi;Steinmann;50226;Frechen;Europaallee;33;015752483402;07.11.1988;gabi.steinmann@gmx-topmail.de
Gerda;Hildebrandt;63150;Heusenstamm;Weiskircher Weg;17;015141269215;19.03.1977;gerda.hildebrandt@digital-filestore.de
Laura;Werner;87600;Kaufbeuren;Neugablonzer Str.;21;01705383229;07.11.1991;laura.werner@die-optimisten.net
Regina;Seifert;04229;Leipzig;Könneritzstr.;45;01747418062;13.06.1984;regina.seifert@fantasymail.de
Rainer;Stiller;20355;Hamburg;Caffamacherreihe;5;01605043284;07.11.1990;rainer.stiller@die-optimisten.net
Patrick;Blum;21218;Seevetal;Kirchstr.;24;015167052565;23.09.1992;patrick.blum@fantasymail.de
Simone;Meinel;07334;Kamsdorf;Ernst-Fromm-Str.;1;01718262025;11.03.1986;simone.meinel@schmusemail.de
Ben;Willig;24376;Kappeln;Mehlbydiek;5;01764821548;07.03.1989;ben.willig@gmx.de
Kati;Helmig;50933;Köln;Stolberger Str.;110;01765665430;29.07.1990;kati.helmig@topmail-files.de
Isabell;Schmidt;20255;Hamburg;Osterstr.;143;015148417111;16.09.1993;isabell.schmidt@freudenkinder.de
Henry;Barth;10969;Berlin;Prinzenstr.;86;015116677683;28.01.1987;henry.barth@public-files.de
Hagen;Messer;84028;Landshut;Altstadt;315;015159202245;16.07.1982;hagen.messer@fantasymail.de
Gabi;Ritter;07749;Jena;Netzstr.;70;015120023697;10.12.1984;gabi.ritter@gmx-topmail.de
Conni;Schuetz;18586;Sellin;Granitzer Str.;13;015205173235;13.08.1984;conni.schuetz@buerotiger.de
Jenny;Kettner;18059;Rostock;Schwaaner Landstr.;14c;01769308745;09.11.1989;jenny.kettner@topmail-files.de
Hanna;Guertler;22525;Hamburg;Lederstr.;24;015233511736;04.12.1990;hanna.guertler@public-files.de
Gerrit;Viktor;87700;Memmingen;Augsburger Str.;65;01784369244;12.07.1986;gerrit.viktor@fantasymail.de
Dirk;Meier;76437;Rastatt;Eschenstr.;3;01740007115;08.01.1984;dirk.meier@gmx-topmail.de
Beate;Siebert;75217;Birkenfeld;Dieselstr.;7;01600895921;19.02.1981;beate.siebert@buerotiger.de
Holger;Weber;75173;Pforzheim;Schwarzwaldstr.;137;015155812100;23.04.1984;holger.weber@freudenkinder.de
Laura;Roland;70195;Stuttgart;Franz-Schubert-Str.;24;01633696553;07.06.1992;laura.roland@gentlemansclub.de
Karina;Hopf;84051;Essenbach;Deggendorfer Str.;39;01624159793;19.07.1987;karina.hopf@topmail-files.de
Andre;Rubisch;47169;Duisburg;Weseler Str.;281;015257132725;02.06.1989;andre.rubisch@freudenkinder.de
Heike;Weisheit;42111;Wuppertal;Otto-Wels-Str.;8;015202731256;29.07.1981;heike.weisheit@public-files.de
Grit;Arnold;68169;Mannheim;Zielstr.;40;01744338106;12.08.1988;grit.arnold@fantasymail.de
Franz;Knot;45133;Essen;Kirchmannstr.;25;01787194583;31.03.1987;franz.knot@gmx-topmail.de
Ronny;Schuster;04159;Leipzig;Georg-Schumann-Str.;290;01735150612;02.06.1988;ronny.schuster@buerotiger.de
Marius;Seidel;80807;München;Frankfurter Ring;105;015160087175;17.04.1986;marius.seidel@gentlemansclub.de
Hennry;Schott;22113;Hamburg;Berzeliusstr.;41;01605786955;17.06.1989;hennry.schott@gmx.de
Bastian;Sander;24783;Osterrönfeld;August-Borsig-Str.;11;015902330355;19.08.1990;bastian.sander@topmail-files.de
Guido;Fink;84130;Dingolfing;Landshuter Str.;56;01620197086;26.04.1986;guido.fink@fantasymail.de
Alina;Graf;20097;Hamburg;Spaldingstr.;74;01758506158;20.07.1995;alina.graf@sonnenkinder.org
Florian;Beck;18507;Grimmen;Stoltenhäger Str.;38;01728948054;16.02.1991;florian.beck@buerotiger.de
Mika;Geiger;89362;Offingen;Schöllerstr.;10;015734824966;23.09.1986;mika.geiger@topmail-files.de
Rene;Hartmann;56477;Rennerod;Bahnhofstr.;68;015788940669;24.06.1989;rene.Hartmann@gmx-topmail.de
Robin;Stahl;49076;Osnabrück;Zum Attersee;9;015733425542;08.12.1995;robin.stahl@die-optimisten.net
Samuel;Heller;07751;Zöllnitz;Ilmnitzer Landstr.;1;01721508885;03.07.1994;samuel.heller@public-files.de
Ilona;Schramm;28355;Bremen;Barlachweg;19;015118189532;20.11.1983;ilona.schramm@die-optimisten.net
Mandy;Reuter;50674;Köln;Barbarossaplatz;1a;015750577529;13.04.1992;mandy.reuter@topmail-files.de
Luis;Hesse;86447;Aindling;Lindenweg;1;01761129754;27.09.1990;luis.hesse@fantasymail.de
Lars;Hansen;07806;Neustadt;Ziegeleiweg;5;01703767260;16.07.1988;lars.hansen@sonnenkinder.org
Felix;Fischer;18069;Rostock;Carl-Hopp-Str.;15;015156645796;09.01.1992;felix.fischer@buerotiger.de
Tobias;Lang;22525;Hamburg;Lederstr.;24;01749642313;17.02.1981;tobias.lang@gmx-topmail.de
Boris;Blum;80539;München;Maximilianstr.;35;01754860665;24.06.1985;boris.blum@tortenboxer.de
Ellen;Kirchner;76135;Karlsruhe;Gebrüder-Bachert-Str.;4;015779418791;11.02.1984;ellen.kirchner@die-optimisten.net
Vanessa;Otto;54292;Trier;Herzogenbuscher Str.;17;015175128222;07.11.1993;vanessa.otto@fantasymail.de
Melanie;Schoen;53332;Bornheim;Siemenacker;12;015166387922;30.08.1992;melanie.schoen@sonnenkinder.org
Ute;Richter;50937;Köln;Sülzburgstr.;146;015225750240;27.08.1979;ute.richter@buerotiger.de
Kerstin;Winkler;20255;Hamburg;Eichenstr.;40;015750852537;11.03.1983;kerstin.winkler@gmx-topmail.de
Maik;Urbig;23909;Ratzeburg;Robert-Bosch-Str.;15;015786030223;23.07.1986;maik.urbig@gmx.de
Vivien;Seitz;48165;Münster;Hünenburg;16;01736139563;14.01.1991;vivien.seitz@topmail-files.de
Lucy;Brunner;22926;Ahrensburg;Bogenstr.;46;015173907179;27.06.1994;lucy.brunner@buerotiger.de
Rico;Wilhelm;54529;Spangdahlem;Schleifweg;15;01601155626;14.03.1986;rico.wilhelm@gmx-topmail.de
Jutta;Boettinger;24937;Flensburg;Kielseng;11;015120824291;10.09.1983;jutta.boettinger@buerotiger.de
Silvia;Wenig;17489;Greifswald;Am Gorzberg;1;01786818047;23.04.1987;silvia.wenig@gmx-topmail.de
Anne;Winkler;49393;Lohne;Biberweg;53;015112459232;10.11.1993;anne.winkler@fantasymail.de
Anke;Schmitt;47809;Krefeld;Hafenstr.;59;01709111056;13.08.1988;anke.schmitt@partybombe.de
Franz;Nagel;84130;Dingolfing;Stauseestr.;21;015159932968;02.07.1990;franz.nagel@sonnenkinder.org
Egon;Herzog;89312;Günzburg;Lußweg;2;01722942022;23.04.1981;egon.herzog@topmail-files.de
Fred;Ulrich;10178;Berlin;Alexanderstr.;9;01635793664;06.10.1987;fred.ulrich@gentlemansclub.de
Cindy;Schwarz;82008;Unterhaching;Am Sportpark;4;015730383970;17.02.1991;cindy.schwarz@buerotiger.de
Claudia;Lindner;36129;Gersfeld;Ebersberger Str.;15;015170423637;19.04.1988;claudia.lindner@partybombe.de
Justin;Wenzel;21107;Hamburg;Ellerholzweg;14;015733960751;08.10.1993;justin.wenzel@sonnenkinder.org
Emil;Schenk;87435;Kempten;Salzstr.;3;015177446829;19.04.1980;emil.schenk@gentlemansclub.de
Heiner;Bach;07338;Leutenberg;Saalfelder Str.;35;01632734211;13.07.1981;heiner.bach@buerotiger.de
Robin;Hoppe;07381;Pößneck;Weidenäckerstr.;5;015234449599;05.11.1992;robin.hoppe@sonnenkinder.org
Jochen;Becker;53919;Weilerswist;Rudolf-Diesel-Str.;4a;01628537859;20.11.1987;jochen.becker@partybombe.de
Nina;Mayer;22457;Hamburg;Kulemannstieg;35;01771993851;30.05.1990;nina.mayer@fantasymail.de
Christian;Pop;56068;Koblenz;Bahnhofplatz;7;01783101360;28.04.1989;christian.pop@gmx-topmail.de
Jens;Schiller;24894;Twedt;Kappelner Str.;15;01625103698;07.02.1985;jens.schiller@buerotiger.de
Eva;Taeubner;01558;Großenhain;Hohe Str.;12;015786095582;07.06.1991;eva.taeubner@gmx.de
Marta;Koenig;22605;Hamburg;Bernadottestr.;182;01705675853;04.11.1983;marta.koenig@topmail-files.de
Jan;Voigt;45356;Essen;Am Stadthafen;33;015142408378;21.11.1985;jan.voigt@fantasymail.de
Henri;Seidel;14612;Falkensee;Bahnhofstr.;29;015169051172;17.06.1988;henri.seidel@die-optimisten.net
Paolo;Keller;72108;Rottenburg;Siebenlindenstr.;37;01784672938;30.01.1988;paolo.keller@gmx-topmail.de
Jule;Kraus;59597;Erwitte;Hüchtchenweg;5;015228046604;11.06.1995;jule.kraus@die-optimisten.net
Emely;Fuchs;95028;Hof;Kirchplatz;10;015172531451;08.10.1994;emely.fuchs@sonnenkinder.org
Linda;Lehmann;80469;München;Jahnstr.;46;015168449171;21.08.1987;linda.lehmann@buerotiger.de
Kai;Fischer;74076;Heilbronn;Benzstr.;17;015737096514;18.03.1984;kai.fischer@partyheld.de
Maja;Peters;21493;Elmenhorst;Leineweberring;13;015140668598;23.04.1991;maja.peters@fantasymail.de
Tino;Jung;29229;Celle;Unter den Eichen;14;015140881788;30.10.1989;tino.jung@gentlemansclub.de
Xaver;Lange;58636;Iserlohn;Giesestr.;10;015124809147;12.09.1994;xaver.lange@partyheld.de
Emma;Kaiser;97076;Würzburg;Ohmstr.;17;015254132355;27.06.1992;emma.kaiser@gmx-topmail.de
Fabian;Dietrich;50678;Köln;Teutoburger Str.;10;01760373808;05.11.1992;fabian.dietrich@fantasymail.de
Lars;Richter;09648;Altmittweida;Nordstr.;2;015900974917;17.09.1987;lars.richter@die-optimisten.net
Lana;Boehm;59590;Geseke;Kahrweg;12;015255850344;29.07.1994;lana.boehm@buerotiger.de
Jordan;Vogel;76829;Landau;Bahnhofstr.;35;01737047552;06.07.1992;jordan.vogel@topmail-files.de
Heinz;Jaeger;41199;Mönchengladbach;Luisental;69;015759112568;09.11.1979;heinz.jaeger@gentlemansclub.de
Mark;Bauer;27574;Bremerhaven;Weißenstein;2;015787899762;17.03.1984;mark.bauer@partyheld.de
Marcus;Graf;10997;Berlin;Görlitzer Str.;32a;015143099847;27.04.1988;marcus.graf@buerotiger.de
Lukas;Busch;73431;Aalen;Kochertalstr.;4;01624518284;10.11.1993;lukas.busch@gmx-topmail.de
Heino;Schrumpf;71277;Rutesheim;Schuckertstr.;11;015773177466;14.03.1986;heino.schrumpf@gmx.de
Cindy;Luther;76646;Bruchsal;Berliner Str.;11;015235787018;11.08.1993;cindy.luther@schmusemail.de
Klaus;Winkler;59229;Ahlen;Industriestr;40;015153471236;09.11.1986;klaus.winkler@buerotiger.de
Julian;Sommer;71364;Winnenden;Höfener Str.;14;01636420800;29.03.1993;julian.sommer@fantasymail.de
Susie;Klein;79286;Glottertal;Am Eichberg;1;015206109307;07.09.1991;susie.klein@sonnenkinder.org
Sandro;Arnold;59302;Oelde;Lange Str.;28;01716172320;12.08.1983;sandro.arnold@gmx-topmail.de
Steven;Wild;40668;Meerbusch;In der Loh;20;015750509160;13.05.1991;steven.wild@gentlemansclub.de
Lisa;Unger;90461;Nürnberg;Nibelungenplatz;5;01609275491;07.12.1990;lisa.unger@topmail-files.de
Rainer;Buchholz;19348;Perleberg;Wittenberger Str.;4;01621148113;04.11.1985;rainer.buchholz@schmusemail.de
Robert;Schreiner;32423;Minden;Markt;16;01782207943;27.02.1983;robert.schreiner@buerotiger.de
Diana;Ruebsam;84036;Landshut;Memelstr.;5;01734659104;13.04.1993;diana.ruebsam@fantasymail.de
Ingo;Wolf;27356;Rotenburg;Große Str.;43;015909077109;23.08.1984;ingo.wolf@sonnenkinder.org
Sonja;Froehlich;76307;Karlsbad;Murgring;25;015751053095;14.03.1989;sonja.froehlich@gmx-topmail.de
Ronald;Wittburg;63454;Hanau;Jakob-Rullmann-Str.;35;01600488951;01.07.1980;ronald.wittburg@gentlemansclub.de
Rene;Weitz;74937;Spechbach;Obere Ringstr.;34;01600855765;31.08.1992;rene.weitz@topmail-files.de
Inka;Rausch;47226;Duisburg;Atroper Str.;4;015209467118;21.12.1987;inka.rausch@gentlemansclub.de
Mirko;Sauer;94436;Simbach;Hochstr.;4a;01735370645;04.10.1990;mirko.sauer@gmx-topmail.de
Markus;Hildebrand;42655;Solingen;Beethovenstr.;279;015169428317;27.09.1993;markus.hildebrand@sonnenkinder.org
Rolf;Bayer;56593;Obersteinebach;Hauptstr.;26;015732342763;16.07.1982;rolf.bayer@fantasymail.de
Torsten;Koenig;09526;Olbernhau;Tempelweg;2;01786206525;11.07.1989;torsten.koenig@buerotiger.de
Anika;Gold;42853;Remscheid;Alleestr.;48;01713709778;20.04.1993;anika.gold@schmusemail.de
Philip;Uhlmann;52062;Aachen;Theaterstr.;5;01628298393;21.08.1990;philip.uhlmann@gmx.de
Bodo;Seidl;52477;Alsdorf;Luisenstr.;10;015227015721;08.04.1988;bodo.seidl@gmx-topmail.de
Irina;Schneider;45131;Essen;Alfredstr.;220;01755954642;17.01.1984;irina.schneider@fantasymail.de
Uwe;Lange;65189;Wiesbaden;Paulinenstr.;15;01785032859;24.06.1980;uwe.lange@turboprinz.de
Karin;Erdmann;70174;Stuttgart;Büchsenstr.;26;01782966260;20.07.1987;karin.erdmann@sonnenkinder.org
Lutz;Scherer;80538;München;Prinzregentenstr.;22;01754447064;16.03.1980;lutz.scherer@gentlemansclub.de
Ines;Kopp;04109;Leipzig;Neumarkt;2;015780666182;09.11.1985;ines.kopp@topmail-files.de
Carmen;Weber;21033;Hamburg;Am Heesen;7;015119727018;27.04.1987;carmen.weber@buerotiger.de
Corinna;Winter;57072;Siegen;Koblenzer Str.;8;01621231283;10.10.1988;corinna.winter@vollbio.de
Diana;Benz;58456;Witten;Kämperfeld;14;01725355102;02.11.1992;diana.benz@fantasymail.de
Tom;Baumann;20099;Hamburg;Steindamm;1;015126414497;17.02.1986;tom.baumann@turboprinz.de
Axel;Hauser;49808;Lingen;Neue Str.;2;01622455613;29.05.1989;axel.hauser@sonnenkinder.org
Saskia;Blum;24114;Kiel;Hopfenstr.;1d;01763022118;06.12.1990;saskia.blum@gmx-topmail.de
Guido;Schenk;35463;Fernwald;Asternweg;2;015902545582;28.05.1984;guido.schenk@gentlemansclub.de
Nick;Herzog;87739;Breitenbrunn;Mühlbachweg;2;015145769223;10.09.1973;nick.herzog@topmail-files.de
Jens;Hopf;31157;Sarstedt;Am Wellbrunnen;9;01715871484;30.08.1990;jens.hopf@buerotiger.de
Nick;Hauser;73453;Abtsgmünd;Hauptstr.;13;01779154613;28.01.1993;nick.hauser@vollbio.de
Gabi;Kremer;73434;Aalen;Wasseralfinger Str.;1;015151560440;17.06.1984;gabi.kremer@gentlemansclub.de
Denis;Rost;79108;Freiburg;Vordermattenstr.;7;01783875416;06.07.1993;denis.rost@turboprinz.de
Sabine;Falk;33100;Paderbor;Hüfferweg;40;01606118832;14.08.1989;sabine.falk@fantasymail.de
Armin;Rausch;52428;Jülich;Marktplatz;3;015756339589;03.12.1984;armin.rausch@gmx-topmail.de
Anderas;Reitinger;46399;Bocholt;Adenauerallee;20;01751632579;18.03.1990;anderas.reitinger@gmx.de
Jutta;Graf;70567;Stuttgart;Schelmenwasenstr.;4;015203475104;11.09.1986;jutta.graf@topmail-files.de
Tobias;Vogel;45130;Essen;Alfredstr.;25;01633365748;03.10.1982;tobias.vogel@partyheld.de
Sandra;Fischer;48143;Münster;Von-Steuben-Str.;20;015142780213;23.12.1988;sandra.fischer@schmusemail.de
Jennifer;Schulte;06108;Halle;Blumenstr.;1;015226227468;11.10.1993;jennifer.schulte@fantasymail.de
Anton;Schumann;35037;Marburg;Biegenstr.;2;01733376498;18.03.1984;anton.schumann@gentlemansclub.de
Emilia;Wegner;88167;Maierhöfen;Hauptstr.;19;01740921514;25.04.1992;emilia.wegner@buerotiger.de
Ines;Hirsch;90542;Eckental;Orchideenstr.;44;015908284468;09.10.1990;ines.hirsch@gmx-topmail.de
Ilona;Geier;07551;Gera;Wiesestr.;209;015229403987;09.10.1980;ilona.geier@digital-filestore.de
Rudi;Weiss;50670;Köln;Hansaring;37;01729759671;24.06.1985;rudi.weiss@buerotiger.de
Egon;Geiger;90408;Nürnberg;Meuschelstr.;73;01766104484;11.03.1979;egon.geiger@gentlemansclub.de
Anja;Martin;21502;Geesthacht;Bergedorfer Str.;70;01756863026;22.10.1991;anja.martin@schmusemail.de
Jana;Franke;50354;Hürth;Bachstr.;89;015752545857;27.07.1980;jana.franke@topmail-files.de
Tina;Reuter;80339;München;Trappentreustr.;1;01752490397;02.01.1992;tina.reuter@fantasymail.de
Sibylle;Ulrich;47800;Krefeld;Wilhelmshofallee;77;01702727171;13.05.1984;sibylle.ulrich@gmx-topmail.de
Heiko;Beck;63755;Alzenau;Siemensstr.;30;015777169935;25.04.1984;heiko.beck@digital-filestore.de
Nadja;Kohl;96528;Schalkau;Bleßbergstr.;38;01774484246;08.10.1992;nadja.kohl@buerotiger.de
Gunnar;Blum;52072;Aachen;Rosenstr.;5;015758065344;28.04.1981;gunnar.blum@gentlemansclub.de
Olaf;Kramer;64283;Darmstadt;Ludwigstr.;10a;01622382548;19.03.1984;olaf.kramer@fantasymail.de
Tim;Krause;47057;Duisburg;Sternbuschweg;3;01754704468;21.07.1987;tim.krause@schmusemail.de
Viktor;Peters;70806;Kornwestheim;Stammheimer Str.;10;015739953743;20.11.1986;viktor.peters@topmail-files.de
Bastian;Knapp;21039;Escheburg;Kiefernweg;29;01707283055;21.04.1990;bastian.knapp@gmx.de
Silke;Hahn;22844;Norderstedt;Ulzburger Str.;470;01783805859;28.01.1989;silke.hahn@gmx-topmail.de
Kim;Otto;86179;Augsburg;Leisenmahd;57;015145582905;07.11.1995;kim.otto@buerotiger.de
Nina;Lorenz;50667;Köln;Obenmarspforten;21;01726773695;11.08.1992;nina.lorenz@partyheld.de
Annika;Wolf;54290;Trier;Weberbach;76;01636326996;11.02.1989;annika.wolf@sonnenkinder.org
Beate;Seidel;82008;Unterhaching;Biberger Str.;91;015115896279;23.07.1981;beate.seidel@fantasymail.de
Mirko;Blum;13581;Berlin;Klosterstr.;3;015756845907;07.02.1985;mirko.blum@gentlemansclub.de
Danny;Sturm;66822;Lebach;Saarbrücker Str.;16;01788795729;20.10.1991;danny.sturm@topmail-files.de
Elias;Frey;22459;Hamburg;Wählingsallee;6;01704383667;17.06.1993;elias.frey@gentlemansclub.de
Jonas;Zimmer;67307;Göllheim;Habsburger Ring;7;01774820008;13.10.1990;jonas.zimmer@gmx-topmail.de
Jacob;Maier;45134;Essen;Forsthausstr.;12;015205035125;24.04.1989;jacob.maier@buerotiger.de
Marie;Winkler;56410;Montabaur;Bahnallee;2;01735287152;08.11.1981;marie.winkler@partyheld.de
Ingo;Riedel;52064;Aachen;Jakobstr.;98;01638787736;06.12.1985;ingo.riedel@sonnenkinder.org
Steffen;Ebert;51588;Nümbrecht;Parkstr.;3;01780753559;23.09.1988;steffen.ebert@fantasymail.de
Robin;Schramm;84036;Kumhausen;Ziegelfeldstr.;1;01608370816;10.04.1992;robin.schramm@topmail-files.de
Bruno;Heller;54550;Daun;Rosenbergstr.;26;015126546019;31.01.1988;bruno.heller@gentlemansclub.de
Noah;Brunner;51588;Nümbrecht;Schlenke;3;015159911622;06.07.1995;noah.brunner@fantasymail.de
Jochen;Kraft;48527;Nordhorn;Stadtring;33;015235883427;30.08.1992;jochen.kraft@sonnenkinder.org
Doris;Schwarz;06258;Schkopau;Bahnhofstr.;4;01746232617;13.01.1980;doris.schwarz@partyheld.de
Laura;Richter;51588;Nümbrecht;Parkstr.;3;015780493478;27.09.1990;laura.richter@buerotiger.de
Iris;Kaufmann;45147;Essen;Hufelandstr.;58;01626992767;18.03.1981;iris.kaufmann@gmx-topmail.de
Lutz;Frischmann;50825;Köln;Lichtstr.;28;01783243131;16.08.1980;lutz.frischmann@gmx.de
Barbara;Lehmann;20357;Hamburg;Feldstr.;31;015737103781;04.09.1979;barbara.lehmann@fantasymail.de
Alexandra;Lorenz;81243;München;Bodenseestr.;81;015156056961;23.05.1981;alexandra.lorenz@gmx-topmail.de
Paula;Ebert;76137;Karlsruhe;Südendstr.;12;015226789818;18.08.1984;paula.ebert@topmail-files.de
Rafael;Kirchner;26655;Westerstede;Friesenstr.;19;015205508617;12.06.1990;rafael.kirchner@gentlemansclub.de
Samuel;Herzog;84028;Landshut;Altstadt;77;015239626669;21.03.1989;samuel.herzog@buerotiger.de
Ann;Kramer;94405;Landau;Hochstr.;54;01709766583;01.10.1993;ann.kramer@schmusemail.de
Alina;Kern;69126;Heidelberg;Im Breitspiel;13;01733500836;02.09.1992;alina.kern@sonnenkinder.org
Oliver;Bock;67166;Otterstadt;Gotenstr.;2;015233208305;23.10.1987;oliver.bock@gmx-topmail.de
Michaela;Wilhelm;42277;Wuppertal;Freiheitstr.;68;015202902718;24.06.1984;michaela.wilhelm@sonnenkinder.org
Stella;Siebert;28865;Lilienthal;Hauptstr.;54;015158206035;09.12.1986;stella.siebert@partybombe.de
Mandy;Weiss;48317;Drensteinfurt;Am Ladestrang;12;01624929064;02.11.1993;mandy.weiss@gentlemansclub.de
Wiebke;Schindler;26133;Oldenburg;Alter Postweg;125;01732477362;11.02.1982;wiebke.schindler@topmail-files.de
Claudia;Jung;45964;Gladbeck;Wilhelmstr.;20;015207959237;13.09.1989;claudia.jung@fantasymail.de
Richard;Wenzel;12357;Berlin;Petunienweg;28;015176097474;20.04.1980;richard.wenzel@buerotiger.de
Rico;Weitz;22941;Jersbek;Am Wischhof;14;015174983858;09.04.1988;rico.weitz@schmusemail.de
Kira;Lemke;33100;Paderborn;Friedrich-List-Str.;42;01626546449;17.02.1995;kira.lemke@partybombe.de
Reinhold;Reuter;20095;Hamburg;Glockengießerwall;1;01769562165;23.08.1977;reinhold.reuter@gentlemansclub.de
Bjoern;Sommer;67655;Kaiserslautern;Eisenbahnstr.;1;01779516003;19.03.1986;bjoern.sommer@topmail-files.de
Louis;Arnold;35041;Marburg;Im Schwarzenborn;2;015157351964;20.07.1992;louis.arnold@gmx-topmail.de
Tobias;Weisheit;87561;Oberstdorf;Rubinger Str.;16;01754648266;04.10.1990;tobias.weisheit@fantasymail.de
Doris;Seifert;13507;Berlin;Berliner Str.;103;015779652432;18.07.1986;doris.seifert.86@gmx.de
Anita;Bauer;80333;München;Augustenstr.;41;015205498470;26.01.1988;anita.bauer@women-at-work.org
Sascha;Haupt;70597;Stuttgart;Reutlinger Str.;3;015222000318;07.11.1989;sascha.haupt@gmx-topmail.de
Henry;Ott;66482;Zweibrücken;Hauptstr.;2;015149554436;28.09.1986;henry.ott@buerotiger.de
Larissa;Keller;47798;Krefeld;Hochstr.;28;015179397961;17.09.1994;larissa.keller@fantasymail.de
Knut;Gebhardt;44147;Dortmund;Herderstr.;58;015143255490;03.11.1980;knut.gebhardt@gentlemansclub.de
Silke;Rittmeier;40589;Düsseldorf;Bonner Str.;15;01628515860;16.02.1980;silke.rittmeier@digital-filestore.de
Ellen;Winkler;09350;Lichtenstein;Am Eichenwald;3;015751019306;26.09.1984;ellen.winkler@schmusemail.de
Saskia;Becker;41061;Mönchengladbach;Neuhofstr.;31;01780834785;08.10.1989;saskia.becker@digital-filestore.de
Aaron;Hofmann;58739;Wickede;Ringstr.;6;01794271980;14.03.1993;aaron.hofmann@gentlemansclub.de
Carmen;Otto;41812;Erkelenz;Rheinweg;38;015143071006;07.12.1983;carmen.otto@women-at-work.org
Ronald;Foerster;01099;Dresden;Tannenstr.;2;01790172005;12.07.1981;ronald.foerster@fantasymail.de
Michelle;Aumann;60311;Frankfurt;Neue Kräme;29;015237257609;18.05.1992;michelle.aumann@buerotiger.de
Max;Heller;26123;Oldenburg;Bürgereschstr.;65;01723742783;26.04.1991;max.heller@gmx-topmail.de
Diana;Zink;54595;Weinsheim;Zum Bahnhof;17;01638008591;22.07.1984;diana.zink@schmusemail.de
Kilian;Bube;47226;Duisburg;Krefelder Str.;74;015258776975;17.09.1992;kilian.bube@digital-filestore.de
Colin;Winter;50321;Brühl;Kölnstr.;213;01789102106;13.08.1990;colin.winter@gentlemansclub.de
Antje;Siegel;27568;Bremerhaven;Rudloffstr.;111;015110760708;02.06.1988;antje.siegel@women-at-work.org
Vincent;Forch;73540;Heubach;Rosensteinstr.;76;015783379053;21.04.1989;vincent.forch@fantasymail.de
Bettina;Schaeffer;22765;Hamburg;Friedensallee;7;015258991657;07.11.1982;bettina.schaeffer@buerotiger.de
Katja;Rossi;12163;Berlin;Schloßstr.;96;015143981598;22.08.1985;katja.rossi@gmx-topmail.de
Lena;Butzbach;80799;München;Türkenstr.;38;01620044924;18.04.1990;lena.butzbach@gmx.de
Gabi;Ulrich;95448;Bayreuth;Hohenzollernring;40;015757967447;06.09.1984;gabi.ulrich@fantasymail.de
Emily;Wilhelm;22765;Hamburg;Klopstockstr.;11;015239673975;25.07.1993;emily.wilhelm@turboprinz.de
Ingo;Schulze;89616;Rottenacker;Ledergasse;5;01794140777;20.03.1989;ingo.schulze@gmx-topmail.de
Dominik;Koenig;50735;Köln;Amsterdamer Str.;238;01781184620;24.10.1992;dominik.koenig@freudenkinder.de
Karsten;Heinrich;09126;Chemnitz;Clausstr.;54;01620454320;19.09.1987;karsten.heinrich@schmusemail.de
Justus;Menzel;74889;Sinsheim;Hauptstr.;79;01751567238;12.04.1983;justus.menzel@gentlemansclub.de
Oskar;Bender;72336;Balingen;Neue Str.;49;01604825307;24.06.1991;oskar.bender@die-optimisten.net
Soeren;Geiger;47443;Moers;Bismarckstr.;108c;015734040282;07.01.1980;soeren.geiger@public-files.de
Achim;Kolbe;39128;Magdeburg;Neuer Sülzeweg;92;015236217800;27.08.1980;achim.kolbe@fantasymail.de
Peter;Wolf;45141;Essen;Manderscheidtstr.;80;01723396225;16.03.1981;peter.wolf@turboprinz.de
Sofie;Walter;73095;Albershausen;Lindenstr.;14;01720117751;09.12.1985;sofie.walter@freudenkinder.de
Eva;Sauerbrei;35305;Grünberg;Rabegasse;12;015770387738;13.06.1986;eva.sauerbrei@gmx-topmail.de
Rudi;Meissner;70794;Filderstad;Wiesenstr.;130;015752443775;05.07.1980;rudi.meissner@gentlemansclub.de
Elsa;Steiner;10117;Berlin;Friedrichstr.;108;015121433492;18.02.1992;elsa.steiner@die-optimisten.net
Volker;Blum;08468;Reichenbach;Tuchscherergasse;1;015238382225;09.11.1981;volker.blum@topmail-files.de
Jochen;Bartl;52068;Aachen;Dennewartstr.;27;015179366909;17.02.1990;jochen.bartl@fantasymail.de
Axel;Behrens;33189;Schlangen;Birkenweg;2;015205403263;28.07.1989;axel.behrens@turboprinz.de
Lena;Sommer;07743;Jena;Holzmarkt;1;01742539673;06.10.1993;lena.sommer@schmusemail.de
Hans;Weber;37073;Göttingen;Düstere Str.;21;01722512363;20.11.1976;hans.weber@freudenkinder.de
Annika;Loeffler;52477;Alsdorf;Annastr.;43;015903021643;07.03.1992;annika.loeffler@gmx-topmail.de
Rene;Weibach;89075;Ulm;Prittwitzstr.;10;01719603546;27.04.1982;rene.weibach@gmx.de
Maik;Friedrich;70439;Stuttgart;Withauweg;5;01779882798;05.10.1981;maik.friedrich@gentlemansclub.de
Fabian;Koch;13347;Berlin;Seestr.;64;015203188752;13.05.1991;fabian.koch@buerotiger.de
Lukas;Wenzel;20354;Hamburg;Dammtorwall;1;015253582438;19.02.1993;lukas.wenzel@fantasymail.de
Maria;Werner;80802;München;Maria-Josepha-Str.;6;01609693588;21.09.1980;maria.werner@schmusemail.de
Sabrina;Sauer;45356;Essen;Heegstr.;26;01776985410;06.12.1990;sabrina.sauer@freudenkinder.de
Elias;Sander;34560;Fritzlar;Palmenweg;10;01783178459;30.01.1991;elias.sander@topmail-files.de
Selina;Vetter;16945;Meyenburg;Marktstr.;33;01757220875;16.04.1995;selina.vetter@die-optimisten.net
Vanessa;Winkler;79650;Schopfheim;Hohe-Flum-Str.;40;01724085240;22.09.1994;vanessa.winkler@gentlemansclub.de
Manuel;Herzog;06526;Sangerhausen;Alte Promenade;49a;015175468960;23.07.1985;manuel.herzog@gmx-topmail.de
Ina;Schiller;71034;Böblingen;Bahnhofstr.;4;01742997039;19.01.1977;ina.schiller@topmail-files.de
Henrick;Reuter;32791;Lage;Edisonstr.;2;01634915548;18.02.1987;henrick.reuter@die-optimisten.net
Conny;Schreiber;71638;Ludwigsburg;Mathildenstr.;21;015122874818;04.10.1988;conny.schreiber@fantasymail.de
Moritz;Horn;78532;Tuttlingen;Stockacher Str.;114;01776988931;24.04.1991;moritz.horn@freudenkinder.de
Birgit;Neumann;91074;Herzogenaurach;Hauptstr.;21;015163980900;18.08.1982;birgit.neumann@buerotiger.de
Daniela;Schumacher;53111;Bonn;Stiftsgasse;11;015118023016;24.09.1987;daniela.schumacher@gentlemansclub.de
Rudi;Dittrich;24103;Kiel;Eggerstedtstr.;1;01730558048;13.07.1985;rudi.dittrich@topmail-files.de
Pascal;Kraft;66914;Waldmohr;Rathausstr.;13;015786930432;04.11.1992;pascal.kraft@gmx-topmail.de
Elke;Becker;38114;Braunschweig;Hamburger Str.;277;015903350709;07.06.1979;elke.becker@schmusemail.de
Kevin;Thiel;30539;Hannover;Expo Plaza;3;015112213880;19.08.1994;kevin.thiel@fantasymail.de
Ellen;Breuer;80333;München;Schrammerstr.;3;015904387975;11.02.1989;ellen.breuer@gmx-topmail.de
Ralf;Sauerbrei;24768;Rendsburg;Kieler Str.;171;015909987546;29.08.1987;ralf.sauerbrei@gmx.de
Joerg;Suffa;25462;Rellingen;Adlerstr.;67;015117163717;16.01.1990;joerg.suffa@buerotiger.de
Karin;Wolke;34295;Edermünde;Heidholzweg;8;015251261367;08.06.1982;karin.wolke@buerotiger.de
Mario;Ulrich;99706;Sondershausen;Schachtstr.;65;015205626260;19.07.1980;mario.ulrich@gmx-topmail.de
Yasmin;Barth;59073;Hamm;Amtsstr.;72;015235485343;07.11.1991;yasmin.barth@gmx-topmail.de
Sven;Meister;65760;Eschborn;Hauptstr.;346;015145184855;10.03.1988;sven.meister@partyheld.de
Silke;Otto;99974;Mühlhausen;Waldstr.;45;015228158337;07.11.1982;silke.otto@topmail-files.de
Heidi;Pfeiffer;85309;Pörnbach;Raiffeisenstr.;3;015221895265;29.08.1993;heidi.pfeiffer@topmail-files.de
Alfred;Nagel;78083;Dauchingen;Reutestr.;6;015781867016;17.02.1981;alfred.nagel@topmail-files.de
Sabrina;Langer;22589;Hamburg;Isfeldstr.;1;015164763000;20.11.1990;sabrina.langer@schmusemail.de
Sofia;Kern;48231;Warendorf;Vohren;39;015226720613;12.09.1989;sofia.kern@schmusemail.de
Jochen;Kraft;58097;Hagen;Friedensstr.;107a;015258654583;22.07.1981;jochen.kraft@fantasymail.de
Lilly;Sander;64293;Darmstadt;Benzweg;13;01739720649;24.01.1993;lilly.sander@fantasymail.de
Maya;Voss;79353;Bahlingen;Schochenwinkel;19;015177358981;19.08.1988;maya.voss@fantasymail.de
Jule;Kaufmann;57223;Kreuztal;Buschüttener Str.;71;01748455682;07.06.1992;jule.kaufmann@sonnenkinder.org
Ines;Dietz;69434;Hirschhorn;Michelberg;34;01716042421;08.11.1981;ines.dietz@sonnenkinder.org
Rainer;Dietzel;47228;Duisburg;Marthastr.;14;01753907198;12.01.1980;rainer.dietzel@gentlemansclub.de
Guido;Fink;96052;Bamberg;Wörthstr.;4;01702834533;24.08.1988;guido.fink@gentlemansclub.de
Heino;Engel;40882;Ratingen;Bocksweg;1;01747110124;18.03.1984;heino.engel@gentlemansclub.de
Vera;Haase;46395;Bocholt;Moorweg;12;01770711016;03.09.1988;vera.haase@die-optimisten.net
Carmen;Schilling;98530;Rohr;Am Bahnhof;4;015781913368;13.07.1990;carmen.schilling@die-optimisten.net
Ronny;Schell;47178;Duisburg;Kaiserstr.;297;015140084822;18.04.1986;ronny.schell@gmx.de
Alexander;Fuchs;29649;Wietzendorf;Meinholz;4;01722117655;12.08.1991;alexander.fuchs@topmail-files.de
Karsten;Ludwig;24937;Flensburg;Mühlendamm;21;015734362181;20.03.1984;karsten.ludwig@topmail-files.de
Nicole;Stein;46325;Borken;Aechterhookstr.;32;015907622412;18.06.1991;nicole.stein@topmail-files.de
Robert;Vogel;64297;Darmstadt;Zerninstr.;13;015257784123;03.07.1980;robert.vogel@gentlemansclub.de
Sven;Franke;76829;Landau;Ostbahnstr.;2;015200270291;29.04.1982;sven.franke@gentlemansclub.de
Vanessa;Gross;26135;Oldenburg;Elbestr.;8;01609482498;27.01.1992;vanessa.gross@schmusemail.de
Anja;Koenig;24145;Kiel;Edisonstr.;60;015770089738;12.04.1989;anja.koenig@schmusemail.de
Mario;Raul;28309;Bremen;Europaallee;7;01746414753;02.07.1985;mario.raul@partyheld.de
Robin;Seifert;25524;Itzehoe;Gasstr.;16;01607433616;13.09.1991;robin.seifert@partyheld.de
Elena;Kraft;24966;Sörup;Bahnhofstr.;10;015256924968;04.01.1995;elena.kraft@partyheld.de
Bianca;Lindner;90451;Nürnberg;Löffelholzstr.;20;015750921009;21.08.1986;bianca.lindner@die-genossen.de
Hendrik;Ebert;25746;Heide;Süderdamm;5;01608361182;22.07.1988;hendrik.ebert@die-genossen.de
Noah;Gruber;24376;Kappeln;Mehlbydiek;21;01703564400;19.02.1994;noah.gruber@fantasymail.de
Ilona;Ulrich;30171;Hannover;Sallstr.;75;015259618421;12.06.1984;ilona.ulrich@fantasymail.de
Roman;Beckmann;90443;Nürnberg;Ulmenstr.;10;015129919713;20.03.1981;roman.beckmann@sonnenkinder.org
Pauline;Koerner;47179;Duisburg;Sonnenstr.;10;01776952376;27.04.1990;pauline.koerner@sonnenkinder.org
Rudi;Bach;35043;Marburg;Gießener Str.;5a;015750435131;19.02.1981;rudi.bach@sonnenkinder.org
Stella;Pfeifer;64319;Pfungstadt;Sandstr.;78;01718018689;06.07.1992;stella.pfeifer@gmx-topmail.de
Michel;Schiller;04159;Leipzig;Radefelder Str.;10;01717587558;08.12.1984;michel.schiller@gmx-topmail.de
Hannes;Adler;69118;Heidelberg;Wilhelmsfelder Str.;123;015236498108;23.01.1989;hannes.adler@gmx-topmail.de
Sandra;Hossfeld;92355;Velburg;Bachstr.;11;015233780267;07.11.1992;sandra.hossfeld@gmx.de
Angela;Franke;46414;Rhede;Wiegenkamp;10;015733307743;03.11.1988;angela.franke@schmusemail.de
Franzi;Boehm;28277;Bremen;Alfred-Faust-Str.;20;015235766211;21.08.1989;franzi.boehm@schmusemail.de
Beate;Kraft;24576;Bad;Rosenstr.;45;01792258703;29.01.1987;beate.kraft@schmusemail.de
Willi;Frey;49084;Osnabrück;Hannoversche Str.;38;01701740918;07.10.1981;willi.frey@partyheld.de
Rafael;Rudolph;21337;Lüneburg;Otto-Brenner-Str.;3a;015786241177;26.07.1992;rafael.rudolph@partyheld.de
Karla;Jansen;97421;Schweinfurt;Wilhelmstr.;6;01772584337;16.04.1990;karla.jansen@die-optimisten.net
Erwin;Graf;85774;Unterföhring;Kirchenweg;7c;015120772428;12.04.1979;erwin.graf@die-optimisten.net
Fiona;Vetter;83395;Freilassing;Teisenbergstr.;7;015780538710;28.06.1992;fiona.vetter@die-optimisten.net
Jeremie;Wolf;50668;Köln;Sedanstr.;37;015150791394;07.03.1994;jeremie.wolf@freudenkinder.de
Justus;Bodefeld;99094;Erfurt;Wachsenburgweg;123;01748062009;19.06.1980;justus.bodefeld@freudenkinder.de
Lisa;Blum;99706;Sondershausen;Schachtstr.;44;015207789142;09.10.1994;lisa.blum@freudenkinder.de
Armin;Moser;24539;Neumünster;Ruhrstr.;9;01713454757;07.11.1981;armin.moser@gentlemansclub.de
Boris;Klein;20539;Hamburg;Marckmannstr.;55;01753723687;24.05.1993;boris.klein@gentlemansclub.de
Wenke;Schubert;64653;Lorsch;Hüttenfelder Str.;19;01792238352;19.02.1993;wenke.schubert@gentlemansclub.de
Verena;Pohl;60314;Frankfurt;Intzestr.;18;015177671560;13.07.1983;verena.pohl@sonnenkinder.org
Tatjana;Siebert;01109;Dresden;Radeburger Str.;220;01605518766;08.10.1991;tatjana.siebert@sonnenkinder.org
Volker;Way;58642;Iserlohn;Neumarkt;1;01760004968;12.04.1981;volker.way@betriebsdirektor.de
Oliver;Beck;69469;Weinheim;Sommergasse;85;015776028170;06.05.1990;oliver.beck@betriebsdirektor.de
Jana;Krug;18439;Stralsund;Wasserstr.;50;015146024166;24.06.1992;jana.krug@gmx-topmail.de
Ingo;Henkel;16761;Hennigsdorf;Havelpassage;3;01746591404;12.07.1981;ingo.henkel@gmx-topmail.de
Andi;Luther;52068;Aachen;Hüttenstr.;69;015255293302;06.09.1983;andi.luther@gmx.de
Sarah;Schneider;24143;Kiel;Wikingerstr.;4;015120516363;27.01.1991;sarah.schneider@topmail-files.de
Rico;Schindhelm;04229;Leipzig;Klingenstr.;38;015168084754;13.04.1986;rico.schindhelm@topmail-files.de
Anna;Schmitt; 22525;Hamburg;Warnstedtstr.;12c;015736281913;20.06.1993;anna.schmitt@topmail-files.de
Ute;Schwarz;39124;Magdeburg;Morgenstr.;11b;015128805198;06.09.1980;ute.schwarz@fantasymail.de
Jan;Brueckner;63075;Offenbach;Jahnstr.;22;01732760555;11.03.1984;jan.brueckner@fantasymail.de
Karsten;Arnold;81673;München;Streitfeldstr.;28;015754092857;07.11.1992;karsten.arnold@gentlemansclub.de
Lars;Friedrich;14943;Luckenwalde;Akazienallee;19;015151733378;23.01.1989;lars.friedrich@gentlemansclub.de
Kai;Voigt;02943;Weißwasser;Görlitzer Str.;7;01608305744;12.04.1986;kai.voigt@gentlemansclub.de
Olaf;Vogel;45147;Essen;Adelkampstr.;93B;01600524305;29.03.1983;olaf.vogel@buerotiger.de
Karin;Schuster;51109;Köln;Höxterstr.;20;015785887121;26.01.1984;karin.schuster@buerotiger.de
Jacob;Baumann;60598;Frankfurt;Niersteiner Str.;6;01711054155;08.05.1991;jacob.baumann@partyheld.de
Ben;Bergmann;12307;Berlin;Steinstr.;2;01620017493;28.09.1993;ben.bergmann@partyheld.de
Ann;Ebert;76767;Hagenbach;Rietburgstr.;5A;01778460610;08.10.1992;ann.ebert@schmusemail.de
Olga;Hess;40880;Ratingen;Am Heidkamp;11;015779227926;21.03.1989;olga.hess@schmusemail.de
John;Gruber;22589;Hamburg;Isfeldstr.;1;015115043129;16.07.1980;john.gruber@gmx-topmail.de
Justin;Petersen;52134;Herzogenrath;Forensberger Str.;59;01770560339;03.10.1991;justin.petersen@gmx-topmail.de
Daniel;Schroeder;79733;Görwihl;Engelschwand;14;01708165547;17.05.1989;daniel.schroeder@gmx-topmail.de
Felix;Fischer;82380;Peißenberg;Werdenfelser Str.;20;015228411453;08.11.1986;felix.fischer@public-files.de
Petra;Graf;04416;Markkleeberg;Rathausstr.;7;01789397208;24.01.1984;petra.graf@public-files.de
Moritz;Kramer;42855;Remscheid;Büchelstr.;55;015177714023;15.02.1989;moritz.kramer@public-files.de
Sofie;Wegner;08058;Zwickau;Kolpingstr.;14;015234701194;18.06.1988;sofie.wegner@gmx.de
Sonja;Haupt;55129;Mainz;Rheinhessenstr.;19;015141340284;07.11.1991;sonja.haupt@schmusemail.de
Sabine;Weitz;04435;Schkeuditz;Gartenstr.;16;01794296988;29.08.1988;sabine.weitz@schmusemail.de
Antje;Nagel;85072;Eichstätt;Westenstr.;129b;015905576599;21.03.1984;antje.nagel@partybombe.de
Frank;Mueller;81243;München;Limesstr.;105;015161515322;27.07.1989;frank.mueller@partybombe.de
Walter;Hartman;89073;Ulm;Frauenstr.;87;01639937313;08.12.1977;walter.hartman@gentlemansclub.de
Guido;Steiner;74080;Heilbronn;Landturmstr.;7;015111292386;14.09.1981;guido.steiner@gentlemansclub.de
Marko;Herbst;46049;Oberhausen;Alstadener Str.;148;01782669829;02.11.1990;marko.herbst@gentlemansclub.de
Roman;Seidel;37075;Göttingen;Nonnenstieg;26;01637102400;17.02.1984;roman.seidel@freudenkinder.de
Susie;Appel;64319;Pfungstadt;Seeheimer Str.;61;015739343374;10.03.1989;susie.appel@freudenkinder.de
Rolf;Martin;64625;Bensheim;Wiesenstr.;1b;015252679596;29.03.1979;rolf.martin@freudenkinder.de
Lana;Lustig;22145;Hamburg;Meiendorfer Str.;71;01747194954;12.05.1992;lana.lustig@die-optimisten.net
Tom;Ludwig;12459;Berlin;Ostendstr.;2;015906552036;31.01.1984;tom.ludwig@die-optimisten.net
Rainer;Anschuetz;94491;Hengersberg;Donaustr.;11;015141019428;21.08.1986;rainer.anschuetz@die-optimisten.net
Pauline;Urban;77830;Bühlertal;Kirchweg;8;01793557819;17.03.1990;pauline.urban@sonnenkinder.org
Emil;Rieger;65623;Hahnstätten;Bahnhofstr.;6;015149014357;27.01.1982;emil.rieger@sonnenkinder.org
Erik;Scholz;45277;Essen;Überruhrstr.;214;01747577690;05.07.1986;erik.scholz@sonnenkinder.org
Swenja;Hauser;65824;Schwalbach;Ringstr.;3;01796561612;06.09.1990;swenja.hauser@gmx-topmail.de
Nadja;Sommer;12099;Berlin;Ordensmeisterstr.;52;01750422834;12.08.1989;nadja.sommer@gmx-topmail.de
Michael;Brotmeier;82327;Tutzing;Hauptstr.;68;01764977853;19.06.1990;michael.brotmeier@gmx-topmail.de
Jens;Kaiser;44143;Dortmund;Alte Str.;6;01795495640;23.01.1986;jens.kaiser@buerotiger.de
Patrick;Stiehler;54317;Kasel;Forststr.;12;01765483740;20.08.1990;patrick.stiehler@gmx.de
Sasha;Holler;32052;Herford;Salzufler Str.;164;015784382799;19.01.1995;sasha.holler@schmusemail.de
Ingo;Rudolf;06130;Halle;Dieselstr.;50;015153433651;04.11.1994;ingo.rudolf@schmusemail.de
Nils;Weber;48165;Münster;Merkureck;2;015237599985;27.07.1993;nils.weber@gmx-topmail.de
Timo;Heidenreich;49084;Osnabrück;Mindener Str.;100;015227104397;08.10.1985;timo.heidenreich@gmx-topmail.de
Karin;Schulz;34560;Fritzlar;Wolfhager Str.;5;015228092813;27.03.1987;karin.schulz@topmail-files.de
Simone;Schmidt;07580;Ronneburg;Brunnenstr.;78;015148019774;12.04.1981;simone.schmidt@women-at-work.org
Daniela;Berger;66740;Saarlouis;Fasanenallee;3;01623294093;09.10.1989;daniela.berger@women-at-work.org
Marvin;Schulte;25746;Heide;Süderdamm;1;015226651779;17.03.1980;marvin.schulte@freudenkinder.de
Steffen;Sander;20537;Hamburg;Süderstr.;160;015237468893;24.05.1986;steffen.sander@freudenkinder.de
Henning;Berg;26197;Großenkneten;Moorweg;3;015201554533;15.06.1979;henning.berg@partyheld.de
Carmen;Thiel;79539;Lörrach;Bärenfelser Str.;8;015174598405;18.11.1990;carmen.thiel@partyheld.de
Martina;Walter;65428;Rüsselsheim;Danziger Str.;3;01727807638;02.06.1986;martina.walter@partyheld.de
Fabian;Zimmer;24768;Rendsburg;Lundener Str.;4;01729670877;12.04.1989;fabian.zimmer@public-files.de
Gerda;Seifert;23560;Lübeck;Geniner Str.;179;01793967084;23.09.1978;gerda.seifert@public-files.de
Rene;Otto;69115;Heidelberg;Hebelstr.;7;01746279369;30.12.1980;rene.otto@digital-filestore.de
Ilona;Gruber;91056;Erlangen;St. Johann;5;01741649768;11.02.1983;ilona.gruber@digital-filestore.de
Bruno;Dietz;45657;Recklinghausen;Herner Str.;19;015125156922;23.08.1988;bruno.dietz@digital-filestore.de
Kira;Hirsch;45257;Essen;Deilbachtal;1;01632007436;04.10.1995;kira.hirsch@fantasymail.de
Jason;Pohl;84169;Altfraunhofen;Veldener Str.;12;015757168629;27.02.1993;jason.pohl@fantasymail.de
Alex;Hesse;86165;Augsburg;Terlaner Str.;13;015148341341;11.07.1983;alex.hesse@fantasymail.de
Cindy;Weibach;68519;Viernheim;Holzstr.;42;015179246831;18.06.1988;cindy.weibach@gmx.de
Heidi;Kramer;10825;Berlin;Grunewaldstr.;46;015223809849;07.05.1988;heidi.kramer@schmusemail.de
Kim;Hansen;60311;Frankfurt;Neue Kräme;33;015753504690;29.01.1995;kim.hansen@schmusemail.de
Jochen;Arndt;80801;München;Kurfürstenstr.;20;015256516739;13.02.1987;jochen.arndt@partyheld.de
Luca;Grim;85540;Haar;Blumenstr.;3;01774041819;24.06.1994;luca.grim@partyheld.de
Til;Bender;85748;Garching;Rosenstr.;8;015251249318;19.07.1989;til.bender@partyheld.de
Hannes;Witt;85221;Dachau;Birkenweg;5;01787734344;03.08.1990;hannes.witt@die-optimisten.net
Gunnar;Brand;12161;Berlin;Rheinstr.;24;015173057627;20.04.1981;gunnar.brand@die-optimisten.net
Jule;Schenk;60528;Frankfurt;Kelsterbacher Str.;42;01741406676;07.11.1995;jule.schenk@fantasymail.de
Julius;Schwab;85521;Ottobrunn;Putzbrunner Str.;75;01708989626;30.06.1990;julius.schwab@fantasymail.de
Samuel;Kopp;04299;Leipzig;Oberdorfstr.;19;015178308383;11.02.1993;samuel.kopp@fantasymail.de
Heino;Bruns;04552;Borna;Abtsdorfer Str.;17;015732626797;16.09.1983;heino.bruns@gentlemansclub.de
Danny;Buchholz;80995;München;Karlsfelder Str.;270g;015127462920;28.07.1994;danny.buchholz@gentlemansclub.de
Jamie;Sturm;10369;Berlin;Weißenseer Weg;98;01786963100;09.12.1992;jamie.sturm@gentlemansclub.de
Gina;Wegner;61273;Wehrheim;Rudolf-Hell-Str.;3;015209018094;21.09.1990;gina.wegner@partybombe.de
Linda;Ulrich;04451;Borsdorf;Am Wassergraben;11;01601514124;15.04.1986;linda.ulrich@partybombe.de
Patrick;Horn;82166;Gräfelfing;Stefanusstr.;44;01796223582;11.01.1992;patrick.horn@topmail-files.de
Dirk;Vogel;80331;München;Sonnenstr.;23;015203640929;27.06.1990;dirk.vogel@topmail-files.de
Harald;Mayer;60322;Frankfurt;Bornwiesenweg;63;01792889973;06.11.1981;harald.mayer@topmail-files.de
Sven;Graf;63071;Offenbach;Rheinstr.;20;015119863656;03.09.1987;sven.graf@coole-files.de
Florian;Braun;12205;Berlin;Friedrichstr.;3;015756476687;17.06.1994;florian.braun@coole-files.de
Roman;Neubert;99994;Schlotheim;Mehrstedter Str.;1;01726403887;22.04.1983;roman.neubert.83@gmx.de
Udo;Decker;42855;Remscheid;Büchelstr.;55;01733742381;10.09.1980;udo.decker@topmail-files.de
Sabrina;Koch;83317;Teisendorf;Marktstraße;32;015775111628;13.04.1989;sabrina.koch@topmail-files.de
Simon;Leifert;99423;Weimar;Schwanseestr.;72;01779281560;21.09.1991;simon.leifert@digital-filestore.de
Doreen;Siebert;47574;Goch;Markt;20;01609489314;18.03.1986;doreen.siebert@digital-filestore.de
Jens;Steinert;40885;Ratingen;Duisburger Str.;18;015150599510;07.11.1981;jens.steinert@digital-filestore.de
Anton;Klein;79379;Müllheim;Werderstr.;28;015140406850;08.11.1977;anton.klein@gmx-topmail.de
Adam;Wiegand;95326;Kulmbach;Thurnauer Str.;12;015253478230;16.04.1986;adam.wiegand@gmx-topmail.de
Julia;Brotmeier;55566;Bad;Marktplatz;9;01779645378;21.10.1990;julia.brotmeier@gmx-topmail.de
Doris;Wagner;21354;Bleckede;Hittberger Str.;41;015782062946;17.06.1986;doris.wagner@alphafrau.de
Gritt;Wiesner;93093;Donaustauf;Prüllstr.;78;015121840787;04.09.1989;gritt.wiesner@alphafrau.de
Tom;Bratsch;65193;Wiesbaden;Pfitznerstr.;15a;015237760479;17.02.1981;tom.bratsch@partyheld.de
Saskia;Lange;99867;Gotha;Mönchelsstr.;5;015176467205;11.09.1993;saskia.lange@partyheld.de
Oliver;Beck;41460;Neuss;Dyckhofstr.;6;01738852720;27.12.1985;oliver.beck@partyheld.de
Jens;Neumann;42281;Wuppertal;Winchenbachstr.;22;015754476463;02.08.1986;jens.neumann@gentlemansclub.de
Rainer;Siegel;72072;Tübingen;Ludwig-Krapf-Str.;19;015758716212;13.04.1989;rainer.siegel@gentlemansclub.de
Simone;Ludwig;09526;Olbernhau;Töpfergasse;35;01733697279;30.01.1980;simone.ludwig@fantasymail.de
Andre;Schmidt;15517;Fürstenwalde;Triftstr.;36;01729746152;20.04.1993;andre.schmidt@fantasymail.de
Diana;Kohl;52349;Düren;Im Weyerfeld;1;015205431010;23.09.1990;diana.kohl@public-files.de
Marco;Zimmer;04249;Leipzig;Rehbacher Str.;5;01731163927;16.06.1983;marco.zimmer@public-files.de
Ulf;Lustig;31618;Liebenau;Lönsweg;5;015906480882;11.06.1983;ulf.lustig@buerotiger.de
Anke;Krause;22087;Hamburg;Ulmenau;23;015780416961;18.04.1981;anke.krause.85@gmx.de
Kathrin;Seibel;87435;Kempten;Salzstr.;3;01637770488;28.11.1993;kathrin.seibel@schmusemail.de
Tanja;Roth;86179;Augsburg;Haunstetter Str.;258;01759246103;18.02.1987;tanja.roth@schmusemail.de
Antje;Hoffmann;13357;Berlin;Badstr.;31;01745918675;06.07.1992;antje.hoffmann@schmusemail.de
Klaus;Toepfer;20357;Hamburg;Margaretenstr.;19;01795306190;23.09.1987;klaus.toepfer@partyheld.de
Jonas;Otto;52146;Würselen;Industriestr.;31;01756961827;07.11.1992;jonas.otto@partyheld.de
Robin;Weber;75173;Pforzheim;Goethestr.;41;015151376305;30.01.1991;robin.weber@fantasymail.de
Dominik;Kuhn;87776;Sontheim;Günzsiedlung;16;015168134088;20.04.1994;dominik.kuhn@fantasymail.de
Iris;Sommer;04209;Leipzig;Brünner Str.;8;01799318471;07.10.1990;iris.sommer@fantasymail.de
Joerg;Mueller;75177;Pforzheim;Bauschlotter Str.;2;01628712947;16.08.1981;joerg.mueller@gentlemansclub.de
Robert;Jansen;72202;Nagold;Weingartenstr.;60;015233627255;18.01.1979;robert.jansen@gentlemansclub.de
Frank;Lustig;35041;Marburg;Nesselbrunner Str.;18;01639856443;14.07.1987;frank.lustig@gentlemansclub.de
Maria;Martin;66333;Völklingen;Nordring;99a;015114688625;29.09.1993;maria.martin@sonnenkinder.org
Soeren;Hopf;22113;Hamburg;Porgesring;25;015168883175;05.11.1987;soeren.hopf@sonnenkinder.org
Miriam;Schneider;87700;Memmingen;Steinbogenstr.;15;015121443249;07.03.1989;miriam.schneider@sonnenkinder.org
Tino;Bauer;39120;Magdeburg;Carnotstr.;25;01717587399;19.02.1986;tino.bauer@gmx-topmail.de
Wenke;Engels;63486;Bruchköbel;Oberdorfstr.;17;01718188703;22.01.1992;wenke.engels@gmx-topmail.de
Yasmin;Fueller;63329;Egelsbach;Marie-Curie-Str.;23;015250905178;07.11.1990;yasmin.fueller@gmx-topmail.de
Holger;Lindner;63329;Egelsbach;Schulstr.;70;015781690009;04.09.1993;holger.lindner@topmail-files.de
Gabi;Lenz;54497;Morbach;Schmausemühle;14;015255652929;17.03.1981;gabi.lenz@topmail-files.de
Nick;Ritter;68647;Biblis;Darmstädter Str.;68;015145190582;24.06.1994;nick.ritter@topmail-files.de
Fabian;Sommer;54294;Trier;Dronkestr.;12;015759007945;18.02.1992;fabian.sommer.92@gmx.de
Lars;Otto;07745;Jena;Göschwitzer Str.;22;015145398731;07.06.1985;lars.otto@partyheld.de
Denis;Hahn;22359;Hamburg;Eulenkrugstr.;3;01763451340;16.09.1981;denis.hahn@partyheld.de
Kerstin;Bayer;66822;Lebach;Marktstr.;20;01609996339;28.06.1981;kerstin.bayer@fantasymail.de
Maren;Brandt;66557;Illingen;Hauptstr.;35;015170435319;10.03.1989;maren.brandt@fantasymail.de
Olaf;Braun;23552;Lübeck;Koberg;1;015903487548;30.01.1975;olaf.braun@freudenkinder.de
Sonja;Huber;10585;Berlin;Wilmersdorfer Str.;150;01711864457;07.12.1993;sonja.huber@freudenkinder.de
Rita;Stein;87600;Kaufbeuren;Alte Weberei;2;015142667004;22.09.1979;rita.stein@freudenkinder.de
Sven;Weber;22339;Hamburg;Heisterkamp;16;015780403124;08.10.1988;sven.weber@gentlemansclub.de
Ralf;Engel;67659;Kaiserslautern;Burgstr.;39;015739501382;09.04.1988;ralf.engel@gentlemansclub.de
Lutz;Bachmann;70195;Stuttgart;Franz-Schubert-Str.;24;01707259883;08.11.1974;lutz.bachmann@gentlemansclub.de
Iris;Bender;07551;Gera;Salzstr.;11;015259855806;12.07.1980;iris.bender@die-optimisten.net
Steven;Fink;63303;Dreieich;Eisenbahnstr.;206;015252380101;13.04.1992;steven.fink@die-optimisten.net
Jule;Ebert;56077;Koblenz;Mühlental;105;01728609312;23.07.1990;jule.ebert@topmail-files.de
Artur;Dietz;56579;Rengsdorf;Ringstr.;11a;01725879245;08.11.1979;artur.dietz@topmail-files.de
Manuel;Nowak;64625;Bensheim;Berliner Ring;30;015207255284;16.08.1993;manuel.nowak@topmail-files.de
Richard;Schramm;53498;Bad;Im Seifental;23;015788507187;18.09.1977;richard.schramm@gmx-topmail.de
Linda;Wittmann;66115;Saarbrücken;Bergstr.;19;01622660332;13.02.1983;linda.wittmann@gmx-topmail.de
Konrad;Blum;63739;Aschaffenburg;Heinsestr.;3;015775897917;19.08.1978;konrad.blum@gmx-topmail.de
Armin;Pfeifer;67433;Neustadt;Merowingerstr.;4;01746482659;19.05.1979;armin.pfeifer@digital-filestore.de
Kim;Walter;53501;Grafschaft;Langgasse;18;01605211710;27.02.1993;kim.walter@digital-filestore.de
Florian;Lange;10783;Berlin;Bülowstr.;24;015751814863;13.08.1990;florian.lange.1990@gmx.de
Jana;Schulz;78244;Gottmadingen;Hauptstr.;99;01749981012;22.11.1989;jana.schulz@topmail-files.de
Claudia;Becker;53227;Bonn;Broichstr.;77;015784278384;03.08.1988;claudia.becker@topmail-files.de
Fabian;Ludwig;67547;Worms;Hafenstr.;63;01632299326;18.09.1992;fabian.ludwig@public-files.de
David;Kraus;83209;Prien;Marktplatz;8;015154989873;15.02.1988;david.kraus@public-files.de
Laura;Keller;55129;Mainz;Rheinhessenstr.;19;015117994312;23.07.1995;laura.keller@public-files.de
Ben;Zimmer;22453;Hamburg;Papenreye;17;01760840871;27.02.1994;ben.zimmer@gmx-topmail.de
Vera;Hoppe;65582;Diez;Adelheidstr.;2;015734369872;23.09.1982;vera.hoppe@gmx-topmail.de
Henning;Geiger;23564;Lübeck;Hüxtertorallee;31;015781799716;04.11.1979;henning.geiger@gmx-topmail.de
Iris;Walter;50189;Elsdorf;Martinusstr.;27a;01721343000;19.12.1981;iris.walter@digital-filestore.de
Justin;Kunze;97461;Hofheim;Hofheimer Str.;23;015207138828;29.06.1992;justin.kunze@digital-filestore.de
Ina;Schwab;21391;Reppenstedt;Im Westerfelde;46;01757326034;30.01.1984;ina.schwab@digital-filestore.de
Boris;Moser;86923;Finning;Pfarrgasse;3;015231132095;02.08.1986;boris.moser@digital-filestore.de
Tina;Meier;73266;Bissingen;Schulstr.;36;01636598251;12.04.1990;tina.meier@women-at-work.org
Ellen;Stahl;66953;Pirmasens;Hauptstr.;9;015234293378;19.03.1986;ellen.stahl@women-at-work.org
Achim;Brand;67433;Neustadt;Friedrichstr.;48;01796238331;18.02.1977;achim.brand@die-optimisten.net
Bruno;Steiner;15344;Strausberg;Am Flugplatz;11;01723618636;10.09.1987;bruno.steiner@die-optimisten.net
Ulf;Schiller;57627;Hachenburg;Koblenzer Str.;1;01709223764;28.11.1979;ulf.schiller@die-optimisten.net
Bastian;Maurer;56410;Montabaur;Am alten Galgen;13;01634928559;08.12.1984;bastian.maurer@fantasymail.de
Olga;Gruber;72178;Waldachtal;Rötweg;11;01723613961;13.04.1988;olga.gruber@fantasymail.de
Saskia;Beck;52066;Aachen;Oppenhoffallee;1;01714244301;22.05.1991;saskia.beck@fantasymail.de
Tobias;Hartmann;45307;Essen;Centrumstr.;23;015788109529;18.09.1988;tobias.hartmann.88@gmx.de
Sven;Sittig;01796;Pirna;Rudolf-Renner-Str.;1;015902458366;07.06.1983;sven.sittig@gmx.net
Dieter;Bauer;40721;Hilden;Mittelstr.;67;015124378186;19.01.1980;dieter.bauer@die-optimisten.net
Katja;Seidel;45130;Essen;Brigittastr.;29;01629998212;26.09.1985;katja.seidel@die-optimisten.net
Volker;Lorenz;64285;Darmstadt;Bruchwiesenstr.;16;015752933965;11.03.2014;volker.lorenz@die-optimisten.net
Timo;Vogt;18439;Stralsund;Marienstr.;2;015224731842;03.07.1990;timo.vogt@fantasymail.de
Patrick;Keller;66265;Heusweiler;Friedrichstr.;21;01768504806;18.02.1992;patrick.keller@fantasymail.de
Max;Kuhn;02826;Görlitz;Dr.-Friedrichs-Str.;6;01766505948;23.10.1994;max.kuhn@freudenkinder.de
Daniela;Kramer;02708;Löbau;Altmarkt;13;01620100494;08.12.1985;daniela.kramer@freudenkinder.de
Axel;Seifert;21029;Hamburg;Heysestr.;13;015177717670;07.03.1988;axel.seifert@gentlemansclub.de
Olaf;Riedel;37120;Bovenden;Burgstr.;4a;015739158013;27.08.1991;olaf.riedel@gentlemansclub.de
Robin;Thiel;65843;Sulzbach;Altkönigstr.;1;01609120218;18.03.1994;robin.thiel@gentlemansclub.de
Lutz;Petersen;50226;Frechen;Oleanderweg;3;01793054014;19.01.1990;lutz.petersen@gentlemansclub.de
Paulla;Marx;74360;Ilsfeld;Traminerweg;2;01636000526;29.04.1979;paulla.marx@sonnenkinder.org
Verena;Fink;38112;Braunschweig;Adam-Opel-Str.;8;01750669620;20.06.1982;verena.fink@gmx-topmail.de
Linda;Blum;39126;Magdeburg;Forsthausstr.;10a;01756564152;28.01.1988;linda.blum@gmx-topmail.de
Steven;Naumann;40724;Hilden;Walder Str.;280;015200396235;09.11.1992;steven.naumann@gmx-topmail.de
Ronny;Urban;76356;Weingarten;Goethestr.;51;01606021077;05.03.1995;ronny.urban@gmx-topmail.de
Nadja;Hirsch;16835;Lindow;Ravenhorst;4A;015228236766;24.12.1986;nadja.hirsch@topmail-files.de
Roman;Heller;42103;Wuppertal;Hofaue;8;01711845855;30.01.1987;roman.heller@topmail-files.de
Rene;Lenz;14552;Michendorf;Potsdamer Str.;63b;015110020447;17.05.1992;rene.lenz@digital-filestore.de
Helga;Jung;12249;Berlin;Gräfentaler Str.;5;01748974749;23.07.1971;helga.jung@digital-filestore.de
Jochen;Stein;56743;Mendig;Bahnstr.;90;015173707971;17.02.1986;jochen.stein.86@gmx.de
Holger;Gerlach;07407;Rudolstadt;Catharinauer Str.;30;01726876862;07.06.1982;holger.gerlach@fantasymail.de
Doris;Otto;76316;Malsch;Brückenwiesenweg;37;01784487859;12.09.1988;doris.otto@fantasymail.de
Felix;Haas;97218;Gerbrunn;Hauptstr.;68;01776668635;23.01.1991;felix.haas@freudenkinder.de
Anja;Jung;65719;Hofheim;Meisenweg;13;015906375257;11.08.1985;anja.jung@freudenkinder.de
Lars;Seidel;55585;Norheim;Im Effengarten;19;01730622496;18.04.1981;lars.seidel@gentlemansclub.de
Heiko;Wenzel;79194;Gundelfingen;Feldbergstr.;17;01711615355;29.08.1984;heiko.wenzel@gentlemansclub.de
Eric;Horn;52072;Aachen;Kackertstr.;10;015157105517;09.11.1988;eric.horn@gentlemansclub.de
Julian;Engel;60385;Frankfurt;Berger Str.;213;015773368516;07.12.1992;julian.engel@gentlemansclub.de
Linda;Riedel;40878;Ratingen;Lintorfer Str.;13;015231839730;18.05.1986;linda.riedel@sonnenkinder.org
Pascal;Barth;45355;Essen;Borbecker Platz;1;015223743723;06.07.1989;pascal.barth@sonnenkinder.org
Melina;Zimmer;08209;Auerbach;Nicolaistr.;47;01704059270;16.08.1992;melina.zimmer@women-at-work.org
Ines;Bender;10783;Berlin;Bülowstr.;66;01745385889;07.11.1981;ines.bender@women-at-work.org
Tina;Stahl;83088;Kiefersfelden;Am Rain;53;015153249425;11.08.1988;tina.stahl@women-at-work.org
Bastian;Schilling;25899;Niebüll;Hauptstr.;28;01713811488;27.07.1992;bastian.schilling@coole-files.de
Guido;Hesse;26655;Westerstede;Lange Str.;23;015177430079;18.01.1980;guido.hesse@coole-files.de
Denis;Schram;83714;Miesbach;Zwergerweg;18;015128220210;23.07.1989;denis.schram@digital-filestore.de
Lina;Kaufmann;36110;Schlitz;Steinweg;2;015230953988;14.12.1993;lina.kaufmann@digital-filestore.de
Til;Herzog;48727;Billerbeck;Molkereiweg;8;01786288869;30.03.1990;til.herzog@public-files.de
Vera;Fiedler;49661;Cloppenburg;Syltstr.;4;01607418484;05.06.1990;vera.fiedler@public-files.de
Justin;Kruse;22041;Hamburg;Schloßgarten;3;01638588871;29.04.1995;justin.kruse@topmail-files.de
Paul;Schneider;52066;Aachen;Oppenhoffallee;1;01776808339;20.04.1977;paul.schneider.77@gmx.de
Leon;Kaiser;67433;Neustadt;Friedrichstr.;48;01632095114;17.04.1992;leon.kaiser@gmx-topmail.de
Robin;Schenk;94315;Straubing;Steinweg;36;01711653796;10.08.1992;robin.schenk@gmx-topmail.de
Marco;Neumann;84061;Ergoldsbach;Hauptstr.;19;015778366856;03.09.1988;marco.neumann@gmx-topmail.de
Tim;Lehmannn;86444;Affing;Friedhofstr.;7;01785477612;14.09.1990;tim.lehmannn@gmx-topmail.de
Rolf;Zimmermann;92358;Seubersdorf;Regensburger Str.;55;01787964426;02.10.1983;rolf.zimmermann@gmx-topmail.de
Nadja;Hueter;90537;Feucht;Wiesenstr.;34;01780585521;23.01.1992;nadja.hueter@gmx-topmail.de
Holger;Weber;92546;Schmidgaden;Säulnhofer Weg;6;01760214958;06.11.1987;holger.weber@gmx-topmail.de
Bernd;Schueler;84030;Ergolding;Bahnhofstr.;25;015757883546;18.07.1982;bernd.schueler@gmx-topmail.de
Mario;Walter;02708;Löbau;Altmarkt;13;01724146930;02.10.1987;mario.walter@gmx-topmail.de
Anna;Lesch;42103;Wuppertal;Hofaue;8;01716670787;07.11.1990;anna.lesch@gmx-topmail.de
Felix;Lange;16835;Lindow;Ravenhorst;4a;015732051467;06.11.1986;felix.lange@digital-filestore.de
Tobias;Wolf;14552;Michendor;Potsdamer Str.;63b;01731501320;17.03.1991;tobias.wolf@digital-filestore.de
Petra;Klein;12249;Berlin;Gräfentaler Str.;5;01795081759;24.02.1988;petra.klein@topmail-files.de
Anke;Fuchs;61476;Kronberg;Steinbacher Str.;38;01758971105;19.07.1984;anke.fuchs@topmail-files.de
Uwe;Keller;88131;Lindau;Liebträgerweg;6;01754020796;03.06.1986;uwe.keller@topmail-files.de
Claudia;Koch;22765;Hamburg;Rothestr.;39;01726352132;21.03.1987;claudia.koch@gmx-topmail.de
David;Richter;49074;Osnabrück;Möserstr.;7;01601349648;06.11.1991;david.richter@gmx-topmail.de
Silke;Vogt;44879;Bochum;Kesterkamp;13;01712176362;16.03.1982;silke.vogt@gmx-topmail.de
Fabian;Kern;77933;Lahr;Kaiserstr.;41;015234629851;09.04.1993;fabian.kern@public-files.de
Eric;Busch;38820;Halberstadt;Braunschweiger Str.;2;01639296110;24.09.1986;eric.busch@public-files.de
Rainer;Wagner;04209;Leipzig;Brünner Str.;12;01725304482;07.06.1978;rainer.wagner.78@gmx.de
Kerstin;Jaeger;19217;Rehna;Schweriner Str.;13;01603761269;13.05.1982;kerstin.jaeger@gmx-topmail.de
Melanie;Jung;55234;Framersheim;Oppenheimer Str.;25;01701177605;03.10.1990;melanie.jung@gmx-topmail.de
Lars;Roth;24969;Lindewitt;Schulstr.;12;01786174544;28.07.1987;lars.roth@gmx-topmail.de
Volker;Boehm;01847;Lohmen;Basteistr.;19;015119100162;16.02.1980;volker.boehm@gmx-topmail.de
Niclas;Haas;01796;Pirna;Hauptstr.;10;015173236314;11.09.1990;niclas.haas@gmx-topmail.de
Axel;Ziegler;01847;Lohmen;Borngasse;3;015908613581;07.12.1984;axel.ziegler@gmx-topmail.de
Maren;Horn;07554;Pölzig;Hauptstr.;22a;01744947145;21.06.1988;maren.horn@gmx-topmail.de
Regina;Brandt;91522;Ansbach;Schalkhäuser Str.;8;01724420658;24.03.1979;regina.brandt@gmx-topmail.de
Rene;Busch;97080;Würzburg;Peter-Haupt-Str.;5;015739372917;02.08.1981;rene.busch@gmx-topmail.de
Mario;Kern;39606;Osterburg;Breite Str.;23;015232972466;17.08.1991;mario.kern@gmx-topmail.de
Rita;Beyer;04205;Leipzig;Jupiterstr.;44;01795194813;20.10.1991;rita.beyer@gmx-topmail.de
Steffen;Wenzel;01307;Dresden;Thomaestr.;58;015905703580;06.12.1986;steffen.wenzel@gmx-topmail.de
Udo;Kruse;55437;Ockenheim;Hindenburgplatz;10;01709699725;11.02.1982;udo.kruse@gmx-topmail.de
Olaf;Kramer;70178;Stuttgart;Paulinenstr.;18a;01711926349;19.08.1980;olaf.kramer@gmx-topmail.de
Pia;Schumann;39264;Dobritz;Thälmannplatz;7;01794045989;13.07.1993;pia.schumann@gmx-topmail.de
Luisa;Pfeiffer;39288;Burg;Schartauer Str.;12;01628992389;03.07.1990;luisa.pfeiffer@gmx-topmail.de
Janin;Eckert;72770;Reutlingen;Krokusweg;2;015735918704;17.10.1990;janin.eckert@gmx-topmail.de
Robin;Fiedler;24983;Handewitt;Alter Kirchenweg;77;01638873306;02.08.1989;robin.fiedler@gmx-topmail.de
Egon;Nowak;54292;Trier;Porta-Nigra-Platz;2;015776424268;27.08.1975;egon.nowak@gmx-topmail.de
Ronald;Langer;18195;Tessin;Am Tannenkopp;1;01799801027;08.02.1980;ronald.langer@gmx-topmail.de
Jasmin;Loeffler;07747;Jena;Stadtrodaer Str.;101;015118288161;28.01.1984;jasmin.loeffler.84@gmx.de
Klaus;Becker;54292;Trier;Ruwerer Str.;1b;01743104722;17.03.1981;klaus.becker@gmx-topmail.de
Monika;Weber;66740;Saarlouis;Fasanenallee;3;015176684275;04.06.1985;monika.weber@gmx-topmail.de
Jan;Fischer;66763;Dillingen;Konrad-Adenauer-Allee;8;015230785475;27.03.1989;jan.fischer@gmx-topmail.de
Felix;Koch;81677;München;Zamdorfer Str.;90;015163442173;09.11.1992;felix.koch@gmx-topmail.de
Jasmin;Peters;56072;Koblenz;Weidtmanstr.;46;015209858419;05.09.1986;jasmin.peters@gmx-topmail.de
Laura;Kaiser;18195;Cammin;Dorfstr.;52;01620241034;12.07.1993;laura.kaiser@gmx-topmail.de
Nicole;Schuhmann;56645;Nickenich;Plaidter Str.;15;01723715292;03.04.1982;nicole.schuhmann@gmx-topmail.de
Daniela;Winkler;66822;Lebach;In Bommersfeld;2;015902122068;31.01.1988;daniela.winkler@gmx-topmail.de
Oliver;Lenz;10559;Berlin;Alt-Moabit;98;015908352800;13.07.1988;oliver.lenz@gmx-topmail.de
Marco;Krause;87600;Kaufbeuren;Am Bleichanger;5;01745074603;11.07.1991;marco.krause@gmx-topmail.de
Jennifer;Boehm;51065;Köln;Germaniastr.;176;015788602129;19.02.1986;jennifer.boehm@gmx-topmail.de
Simon;Winter;13353;Berlin;Torfstr.;25;015778150189;27.04.1993;simon.winter@gmx-topmail.de
Jonas;Ludwig;87766;Memmingerberg;Beim Ziegelstadel;2;01723954683;11.03.1991;jonas.ludwig@gmx-topmail.de
Max;Albrecht;10789;Berlin;Marburger Str.;10;015116118040;02.12.1990;max.albrecht@gmx-topmail.de
Torsten;Koenig;81379;München;Am Isarkanal;36;01630731251;04.08.1988;torsten.koenig@gmx-topmail.de
Lara;Schnell;76829;Landau;Nordring;1;015111296419;12.11.1994;lara.schnell@gmx-topmail.de
Katja;Graf;28717;Bremen;Hindenburgstr.;39;015904240048;28.03.1981;katja.graf@gmx-topmail.de
Nadine;Seidel;34621;Frielendorf;Am Leimenstück;4;01724089105;02.10.1980;nadine.seidel@gmx-topmail.de
Rainer;Forster;86830;Schwabmünchen;Kaufbeurer Str.;16;015203584223;17.06.1992;rainer.forster@gmx-topmail.de
Kevin;Engler;06766;Wolfen;Greppiner Str.;7;015114674972;21.04.1994;kevin.engler@gmx-topmail.de
Frank;Schuster;61169;Friedberg;Pfingstweide;51;01608385420;12.10.1980;frank.schuster.1980@gmx.de
Boris;Brunner;53881;Euskirchen;Am Hang;8;01755507692;07.11.1980;boris.brunner@gmx-topmail.de
Marius;Binder;61231;Bad;Ludwigstr.;15;015758358093;21.04.1986;marius.binder@gmx-topmail.de
Nadja;Reimann;20354;Hamburg;Neuer Wall;10;01762224579;14.08.1992;nadja.reimann@gmx-topmail.de
Bodo;Schiller;07629;Hermsdorf;Wiesenstr.;12;015146651176;19.02.1977;bodo.schiller@gmx-topmail.de
Ronny;Bach;69168;Wiesloch;Neues Sträßel;4;015232150998;29.10.1990;ronny.bach@gmx-topmail.de
Jenny;Krebs;69190;Walldorf;Altrottstr.;55;015901782306;26.04.1992;jenny.krebs@gmx-topmail.de
Hannes;Stahl;17034;Neubrandenburg;Feldmark;7;015173549389;04.09.1983;hannes.stahl@gmx-topmail.de
Tina;Naumann;22605;Hamburg;Roosens Weg;28;015778252870;13.11.1992;tina.naumann@gmx-topmail.de
Armin;Hirsch;74740;Adelsheim;Marktstr.;24;01700620523;02.07.1979;armin.hirsch@gmx-topmail.de
Andrey;Kohl;76437;Rastatt;Werkstr.;6a;01711094955;30.01.1986;andrey.kohl@gmx-topmail.de
Judith;Vetter;35510;Butzbach;Hoch-Weiseler-Str.;57;015735021833;15.07.1991;judith.vetter@gmx-topmail.de
Henrik;Kopp;74579;Fichtenau;Stimpfacher Str.;26;015787535671;03.10.1980;henrik.kopp@gmx-topmail.de
Carola;Ullrich;68169;Mannheim;Walter-Bothe-Str.;10;015738651916;28.04.1992;carola.ullrich@gmx-topmail.de
Steven;Breuer;64293;Darmstadt;Landwehrstr.;80;01713626306;06.07.1990;steven.breuer@gmx-topmail.de
Vera;Kaufmann;15732;Eichwalde;Bahnhofstr.;12;01623357014;14.02.1988;vera.kaufmann@gmx-topmail.de
Detlef;Horn;26125;Oldenburg;Köstersweg;5;015756834380;22.01.1984;detlef.horn@gmx-topmail.de
Doris;Graf;50189;Elsdorf;Frankenstr.;15;01752769840;07.11.1992;doris.graf@gmx-topmail.de
Maik;Friedrich;50127;Bergheim;Kappelsweg;1;015905640600;30.03.1981;maik.friedrich@gmx-topmail.de
Nico;Krause;12309;Berlin;Krontalstr.;93;01756348254;08.04.1993;nico.krause@gmx-topmail.de
Nina;Walter;22419;Hamburg;Max-Nonne-Str.;13;015129601889;17.06.1984;nina.walter@gmx-topmail.de
Dirk;Weber;82335;Berg;Seebreite;9;01603658045;23.04.1979;dirk.weber.1979@gmx.de
Uwe;Bauer;76829;Landau;Westring;17;01784728802;22.01.1981;uwe.bauer@gmx-topmail.de
Claudia;Wagner;56068;Koblenz;Hohenfelder Str.;19;015124301602;18.04.1982;claudia.wagner@gmx-topmail.de
Barbara;Schneider;16552;Schildow;Hauptstr.;29;015771268278;29.11.1978;barbara.schneider@gmx-topmail.de
Tobias;Krause;86453;Dasing;Alpenstr.;7;015166249918;09.12.1986;tobias.krause@gmx-topmail.de
Nils;Walter;06258;Schkopau;Gröberssche Str.;3;01764475683;17.06.1994;nils.walter@gmx-topmail.de
Sandra;Fuchs;50321;Brühl;Eibenweg;13;01741788397;19.09.1988;sandra.fuchs@gmx-topmail.de
Felix;Huber;53501;Grafschaft;Hofstr.;20;01704019529;24.07.1990;felix.huber@gmx-topmail.de
Holger;Schulze;68199;Mannheim;Sennteichplatz;2;015149174842;17.08.1987;holger.schulze@gmx-topmail.de
Dieter;Hartmann;52068;Aachen;Auf der Hüls;181;01760357946;07.09.1975;dieter.hartmann@gmx-topmail.de
David;Roth;48143;Münster;Rektoratsweg;36;01622364797;13.09.1989;david.roth@gmx-topmail.de
Oliver;Vogel;49740;Haselünne;Meppener Str.;70;01725100189;12.02.1989;oliver.vogel@gmx-topmail.de
Lucas;Keller;34497;Korbach;Neuer Weg;32;015771948210;25.06.1994;lucas.keller@gmx-topmail.de
Fabian;Berger;35066;Frankenberg;Auestr.;45;015147434441;17.05.1989;fabian.berger@gmx-topmail.de
Timo;Brandt;47441;Moers;Haagstr.;38;01620757002;07.11.1982;timo.brandt@gmx-topmail.de
Ingo;Vogt;79589;Binzen;Fischinger Str.;2;01708663019;01.07.1980;ingo.vogt@gmx-topmail.de
Max;Sommer;78244;Gottmadingen;Hauptstr.;99;015759618927;12.03.1979;max.sommer@gmx-topmail.de
Leon;Seifert;13407;Berlin;Roedernallee;174;015116957737;24.10.1992;leon.seifert@gmx-topmail.de
Nicole;Hahn;53227;Bonn;Broichstr.;77;01723968809;19.09.1988;nicole.hahn@gmx-topmail.de
Kerstin;Kaiser;49832;Freren;Bahnhofstr.;44;015200798850;13.02.1984;kerstin.kaiser@gmx-topmail.de
Kevin;Engel;67547;Worms;Hafenstr.;63;015209484944;28.10.1990;kevin.engel@gmx-topmail.de
Rainer;Stein;83209;Prien;Marktplatz;8;01724232640;18.09.1984;rainer.stein.84@gmx.de
Silvia;Hummel;53639;Königswinter;Oelbergstr.;23;015226600439;18.08.1990;silvia.hummel@gmx-topmail.de
Anton;Stein;55129;Mainz;Rheinhessenstr.;19;015783970897;27.03.1986;anton.stein@gmx-topmail.de
Karl;Mathess;32758;Detmold;Wilhelm-Mellies-Str.;96;015152653733;09.11.1981;karl.mathess@gmx-topmail.de
Eric;Arnold;22453;Hamburg;Papenreye;17;01756151657;29.10.1992;eric.arnold@gmx-topmail.de
Sven;Weitz;65582;Diez;Adelheidstr.;2;015146217279;19.02.1992;sven.weitz@gmx-topmail.de
Simone;Henkel;23564;Lübeck;Hüxtertorallee;31;015115625989;30.03.1987;simone.henkel@gmx-topmail.de
Clemens;Kuhn;50189;Elsdorf;Martinusstr.;27;01603430933;21.07.1992;clemens.kuhn@gmx-topmail.de
Daniel;Rubert;97461;Hofheim;Hofheimer Str.;23;01630534068;08.11.1984;daniel.rubert@gmx-topmail.de
Lutz;Hoffmann;14548;Schwielowsee;Am Gewerbepark;1;015738112432;17.08.1988;lutz.hoffmann@gmx-topmail.de
Ralf;Brueckner;21391;Reppenstedt;Im Westerfelde;46;015149923622;30.04.1979;ralf.brueckner@gmx-topmail.de
Juergen;Loss;86923;Finning;Pfarrgasse;3;015781891993;07.04.1980;juergen.loss@gmx-topmail.de
Betina;Lesch;73266;Bissingen;Schulstr.;36;01719001732;16.10.1976;betina.lesch@gmx-topmail.de
Olaf;Schreiber;63637;Jossgrund;Lohrhaupter Str.;27;01732082294;19.11.1986;olaf.schreiber@gmx-topmail.de
Jochen;Salzer;90441;Nürnberg;Löffelholzstr.;20;01603290382;08.07.1991;jochen.salzer@gmx-topmail.de
Steffen;Ludwig;41472;Neuss;Kieselstr.;7;015179209181;14.02.1988;steffen.ludwig@gmx-topmail.de
Roberto;Fleck;52538;Selfkant;Heidestr.;21;01773063662;19.05.1980;roberto.fleck@gmx-topmail.de
Jens;Paul;99706;Sondershausen;Niederspiersche Str.;15;015733744849;06.12.1993;jens.paul@gmx-topmail.de
Luise;Schoen;59494;Soest;Thomästr.;73;01628810117;28.04.1993;luise.schoen@gmx-topmail.de
Steffi;Woller;99310;Arnstadt;Hersfelder Str.;13;015174482825;13.09.1987;steffi.woller@gmx-topmail.de
Patrik;Schnell;89250;Senden;Am Hochrain;18d;015200511900;08.11.1990;patrik.schnell@gmx-topmail.de
Anja;Lesch;63619;Bad;Quellenring;15;015151914429;05.11.1990;anja.lesch.1990@gmx.de
Mario;Lesch;85521;Ottobrunn;Robert-Koch-Str.;9;015149004476;11.12.1988;mario.lesch@gmx-topmail.de
Svenja;Meister;98693;Ilmenau;Weimarer Str.;81;01796121210;04.08.1994;svenja.meister@gmx-topmail.de
Luckas;Meier;92648;Vohenstrauß;Pleysteiner Str.;14;01629115970;13.06.1995;luckas.meier@gmx-topmail.de
Lisa;Willer;99718;Greußen;Nordhäuser Str.;73d;01715581349;08.03.1988;lisa.willer@gmx-topmail.de
Annette;Gans;96472;Rödental;Oeslauer Str.;90;01787839932;28.04.1982;annette.gans@gmx-topmail.de
Torsten;Siebert;83317;Teisendorf;Poststr.;10;015144341491;19.01.1983;torsten.siebert@gmx-topmail.de
Jens;Guertler;94508;Schöllnach;Georg-Nachtmann-Weg;6;015163505199;21.07.1989;jens.guertler@gmx-topmail.de
Rene;Weber;73540;Heubach;Hauptstr.;99;015160456129;30.06.1992;rene.weber@gmx-topmail.de
Kathrin;Lange;91054;Erlangen;Bismarckstr.;18;01639784010;19.02.1990;kathrin.lange@gmx-topmail.de
Ulf;Sauer;04600;Altenburg;Teichstr.;30;01783094661;22.09.1982;ulf.sauer@gmx-topmail.de
Mandy;Daum;32756;Detmold;Elisabethstr.;24;01738921962;19.02.1992;mandy.daum@gmx-topmail.de
Alex;Schindhelm;39596;Goldbeck;Uchtewall;8;01732764430;03.07.1979;alex.schindhelm@gmx-topmail.de
Nancy;Schmidt;53111 ;Bonn;Maximilianstr.;12;01775994518;19.02.1990;nancy.schmidt@gmx-topmail.de
Volker;Schuster;52062 ;Aachen;Katschhof ;3;015781242454;09.11.1985;volker.schuster@gmx-topmail.de
Robert;Siegel;40210 ;Düsseldorf;Kreuzstr.;34;015250600783;05.10.1987;robert.siegel@gmx-topmail.de
Sandy;Ziegler;03046 ;Cottbus;Uferstr.;1;015900047015;17.05.1993;sandy.ziegler@gmx-topmail.de
Torsten;Meier;41460 ;Neuss;Marienkirchplatz ;7;015909698782;03.08.1990;torsten.meier@gmx-topmail.de
Steffen;Hansen;25462 ;Rellingen;Poststr.;5;01771558759;29.01.1985;steffen.hansen@gmx-topmail.de
Frank;Buchwald;17268 ;Mittenwalde;Bahnhofsstr.;1c;015206343417;21.10.1980;frank.buchwald@gmx-topmail.de
Marco;Weider;53424 ;Remagen;Birresdorfer Str.;63;01764537107;20.01.1995;marco.weider@gmx-topmail.de
Joerg;Haus;42281 ;Wuppertal;Sedanstr.;52;01747850568;28.01.1988;joerg.haus.88@gmail.com
Pascal;Stiehler;54292 ;Trier;Borweg ;2;015148648424;28.03.1969;pascal.stiehler@gmail.com
Rene;Lins;86150 ;Augsburg;Schaezlerstr.;10;01705984768;02.09.1969;rene.lins.1988@gmail.com
Robert;Lins;82327 ;Tutzing;Waldschmidtstr.;23;01639024757;05.08.1980;robert.lins@web.de
Tanja;Jever;63071 ;Offenbach;Friedensstr.;69;015772566051;29.04.1967;tanja.jever@web.de
Maik;Schmidt;70619 ;Stuttgart;Lorbeerstr.;75;01797918248;21.08.1982;maikschmidt1990@web.de
Susan;Meier;69190 ;Walldorf;Bahnhofstr.;18;01725334893;10.11.1966;susan.meier.1990@web.de
Heiko;Stein;37085 ;Göttingen;Beethovenstr.;56;01700345109;09.12.1996;heikostein91@web.de
Anja;Hopf;97084 ;Würzburg;Köchleinsweg ;2;015239414608;20.11.1967;hopf_anja@web.de
Marko;Sommer;53567 ;Asbach;Bahnhofstr.;16;015114578366;17.06.1996;markosommer81@web.de
Sabine;Mueller;71672 ;Marbach;Ringstr.;2;01607879929;24.12.1988;sabine.mueller.92@web.de
Simone;Wenzel;63930 ;Neunkirchen;Erftalstr.;9;01793054516;22.11.1986;simone.wenzel.1@web.de
Rainer;Hopf;42283 ;Wuppertal;Akazienstr.;10;015174987114;29.10.1993;rainerhopf@web.de
Roland;Weber;99092 ;Erfurt;Blumenstr.;70;01799417190;18.02.1978;roland.weber.1980@web.de
Uwe;Knot;80796 ;München;Elisabethstr.;23;01768174905;06.06.1980;uwe.knot@web.de
Michael;Hofmann;40215 ;Düsseldorf;Hüttenstr.;30;015780827611;30.05.1997;michael.hofmann.91@web.de
Sonja;Schmidt;39106 ;Magdeburg;Hohepfortestr.;37;01767892942;15.01.1986;sonjaschmidt1994@web.de
Tom;Wiedel;83098 ;Brannenburg;Kirchplatz ;1;015170363694;07.10.1993;tom.wiedel@web.de
Lars;Maier;50859 ;Köln;Hasenweg ;2;01775125742;04.10.1966;lars.maier.89@web.de
Eric;Messer;46047 ;Oberhausen;Dieckerstr.;65;015120658330;16.11.1967;eric.messer@web.de
Sven;Schneider;47798 ;Krefeld;Hubertusstr.;20;01728692321;07.10.1985;sven.schneider.93@web.de
Tino;Mueller;38448 ;Wolfsburg;Lange Str.;39;015143699507;09.02.1976;tino.mueller.90@web.de
Martin;Weber;50259 ;Pulheim;Kirchgasse ;14;015165078411;22.12.1994;martin.weber.84@web.de
Sabrina;Koenig;74889 ;Sinsheim;Mühlstr.;30;015784639122;07.07.1963;sabrina.koenig.92@web.de
Heiko;Weitz;72108 ;Rottenburg;Bricciusstr.;57;01742712388;10.11.1976;hweitz90@web.de
Marc;Schneider;45128 ;Essen;Bismarckstr.;61;01786443677;25.03.1974;marcschneider1988@web.de
Robert;Kaufmann;13357 ;Berlin;Koloniestr.;7;01754801383;22.11.1965;robert.kaufmann.82@web.de
Steffen;Weber;78628 ;Rottweil;Stadtgrabenstr.;6;015209652834;02.06.1986;steffen.weber.89@web.de
Heike;Schön;41540 ;Dormagen;Bergiusstr.;2;01762692714;27.05.1969;heikeschoen86@web.de
Heiko;Schmidt;45663 ;Recklinghausen;Mainstr.;23;015120806096;07.06.1976;heiko.schmidt.81@web.de
Nico;Schueler;27572 ;Bremerhaven;Weserstr.;29;015168658989;04.10.1971;nico.schueler.94@web.de
Jana;Kirchner;29227;Celle;Grafftring ;3;01708591933;10.11.1973;jana.kirchner.1992@web.de
Ronny;Bach;70567 ;Stuttgart;Schelmenwasenstr.;4;01757111655;04.05.1991;ronny.bach.1986@web.de
Sonja;Arnold;59077 ;Hamm;Fangstr.;15;01796548038;01.05.1977;sonja.arnold.88@web.de
Frank;Mueller;02779 ;Großschönau;Waltersdorfer Str.;52;015167663396;24.12.1979;frank.mueller.91@web.de
Marco;Mueller;22047 ;Hamburg;Usedomstr.;10;015158576362;27.03.1971;marco.mueller.85@web.de
Jens;Diller;60326 ;Frankfurt;Schmidtstr.;65;01623951391;24.05.1993;jens.diller.1980@web.de
Anja;Hermann;65232 ;Taunusstein;Ziegelhüttenweg ;4;015153390614;06.03.1960;anjahermann1987@web.de
Ralf;Diller;60435 ;Frankfurt;Weinstr.;10;015776664325;18.06.1970;diller83@web.de
Lisa;Anders;73092 ;Heiningen;Bahnhofstr.;18;015169581431;14.10.1964;lisa.anders.90@web.de
Mario;Maier;71065 ;Sindelfingen;Neckarstr.;50;015110993098;13.08.1962;m.mario.1994@web.de
Anja;Winkler;87488 ;Betzigau;Wiesstr.;1;01760641486;11.12.1982;anjawinkler88@web.de
Jochen;Munk;45892 ;Gelsenkirchen;Engelbertstr.;12;01792129843;16.09.1980;jochenmunk@web.de
Ines;Meier;67059 ;Ludwigshafen;Lagerplatzweg ;5;015751531424;15.04.1969;ines.meier.92@web.de
Klaus;Meinel;77652 ;Offenburg;Englerstr.;18a;015179419315;01.03.1981;klausmeinel88@web.de
Frank;Willd;51147 ;Köln;Niederkasseler Str.;2;01704476344;21.09.1976;frankwilld@web.de
Jochen;Bauer;01809 ;Heidenau;Mühlenstr.;31;015166897826;04.12.1977;jochenbauer89@web.de
Ander;Schneider;68307 ;Mannheim;Amselstr.;13;015730928253;03.04.1993;ander.schneider@web.de
Uwe;Wenzel;34127 ;Kassel;Philippistr.;38a;015783611178;25.01.1979;uwe.wenzel.81@web.de
Karin;Walter;46149 ;Oberhausen;Lessingstr.;6;01727069262;17.07.1994;karinwalter1989@web.de
Marco;Paulchen;33609 ;Bielefeld;Eckendorfer Str.;20;015124805971;05.04.1970;marco.paulchen@web.de
Tom;Bauer;65183 ;Wiesbaden;Wilhelmstr.;42;01762937679;29.02.1996;tom.bauer.91@web.de
Jochen;Stein;39576 ;Stendal;Clausewitzstr.;2;01602613383;06.08.1985;jochen.stein.82@web.de
Marco;Wiedel;87600 ;Kaufbeuren;Julius-Probst-Str.;1;015906624433;29.12.1996;marco.wiedel@web.de
Alex;Schindhelm;58636 ;Iserlohn;Bismarckstr.;1;01789278589;22.12.1964;alex.schindhelm.91@web.de
Max;Heller;36396 ;Steinau;Brüder-Grimm-Str.;131;01702455259;18.03.1984;max.heller.83@web.de
Ramona;Welch;97941 ;Tauberbischofsheim;Pestalozziallee ;18;015756210427;24.11.1983;ramona.welch.1983@web.de
Jens;Wurst;96103 ;Hallstadt;Heganger ;25;01795438582;12.02.1996;jens.wurst.1989@web.de
Rolf;Wagner;40477 ;Düsseldorf;Gneisenaustr.;1;015112686600;12.05.1997;rolf.wagner.1988@web.de
Mike;Bauer;55116 ;Mainz;Schusterstr.;54;01792328099;13.04.1977;mike.bauer.1979@web.de
Lisa;Grosch;20355 ;Hamburg;Steinwegpassage ;5;015780007509;15.07.1987;lisa.grosch.1987@web.de
Marko;Schuhmann;09126 ;Chemnitz;Clausstr.;54;015117303651;14.02.1986;marko.schuhmann.1990@web.de
Tom;Heller;22926 ;Ahrensburg;Ostpreußenweg ;10;01740865943;08.06.1960;tom.heller.1990@web.de
Karin;Weber;90443 ;Nürnberg;Zufuhrstr.;12;015237436260;28.12.1970;karin.weber.1992@web.de
Roman;Geier;50968;Köln;Goltsteinstr.;89;015789285911;24.10.1974;roman.geier.1980@web.de
Ana;Gross1991;45219 ;Essen;Gustavstr.;11;015232775111;26.04.1996;ana.gross1991@web.de
Kai;Lehmann;41239 ;Mönchengladbach;Schützenstr.;1;01733162970;02.04.1979;kai.lehmann.1990@web.de
Holger;Langer;61348 ;Bad Homburg;Schwedenpfad ;2;015202906751;07.02.1967;holger.langer.1992@web.de
Rainer;Stiehler;33615 ;Bielefeld;Stapenhorststr.;91;015146011467;14.04.1992;rainer.stiehler.1988@web.de
Robert;Maier;60318 ;Frankfurt;Weberstr.;80;015755715764;22.04.1966;robert.maier.1990@web.de
Anika;Most;91126 ;Schwabach;Eisentrautstr.;11;01718877621;22.11.1964;anika.most.1985@web.de
Jens;Willer;63785 ;Obernburg;Römerstr.;5;015770435199;09.10.1997;jens.willer.1990@web.de
Frank;Schmidt;79117 ;Freiburg;Schwarzwaldstr.;78;015739314207;08.05.1962;frank.schmidt.1983@web.de
Grit;Koenig;71032 ;Böblingen;Poststr.;59;015147381891;26.06.1968;grit.koenig.1987@web.de
Tino;Bayer;22391 ;Hamburg;Eckerkamp ;20;01799344982;29.10.1990;tino.bayer.1989@web.de
Sonja;Wild;82178 ;Puchheim;Benzstr.;11;01609485081;26.02.1987;sonja.wild.1991@web.de
Steffen;Boehm;99084 ;Erfurt;Anger ;58;01729643146;17.03.1997;steffen.boehm.1992@web.de
Katrin;Hopf;47057 ;Duisburg;Blumenstr.;2;015141140965;04.05.1965;katrin.hopf.82@web.de
Ralf;Brameier;35390 ;Gießen;Plockstr.;16;015124354745;29.03.1960;ralf.brameier.84@web.de
Lutz;Schellhorn;56567 ;Neuwied;Karbachstr.;37;015757334361;19.10.1981;lutz.schellhorn@web.de
Klaus;Mueller;88048 ;Friedrichshafen;Bodenseestr.;119;015782386082;17.12.1987;klaus.mueller.86@web.de
Ines;Brueckner;44787 ;Bochum;Brückstr.;5;01799844347;01.02.1993;ines.brueckner.1980@web.de
Tim;Heinkel;99734 ;Nordhausen;Markt ;5;015759734821;29.11.1965;tim.heinkel@web.de
Mario;Rader;23566 ;Lübeck;Marlistr.;101;01603612043;03.05.1967;mario.rader@web.de
Susan;Meinel;17291 ;Prenzlau;Stettiner Str.;5;01729056162;13.07.1981;susan.meinel.92@web.de
Joerg;Kettner;94315 ;Straubing;Albrechtsgasse ;19;01794674027;08.11.1966;joerg.kettner.1981@web.de
Leila;Anders;89077 ;Ulm;Söflinger Str.;200;015733698312;09.08.1974;leila.anders@web.de
John;Bauer;52134 ;Herzogenrath;Kleikstr.;39;015112158041;05.10.1996;john.bauer.88@web.de
Andrea;Seibel;37073 ;Göttingen;Weender Str.;90;015907462404;20.11.1992;andrea.seibel.1985@web.de
Marcel;Wittig;46240 ;Bottrop;Kraneburgstr.;50;015783809433;29.10.1974;marcel.wittig.1980@web.de
Marc;Rossi;72760 ;Reutlingen;Sickenhäuser Str.;56;015126278459;06.06.1975;marc.rossi@web.de
Sofie;Wagner;41540 ;Dormagen;Bergiusstr.;2;01783260111;14.12.1978;sofie.wagner.91@web.de
Lutz;Grosch;03205 ;Calau;Saßlebener Weg;8;015903058279;07.11.1982;lutz.grosch@web.de
Jens;Laub;22047 ;Hamburg;Usedomstr.;10;015224059710;03.05.1971;jens.laub.1980@web.de
Rolf;Roland;16515 ;Oranienburg;Ruhrstr.;78;015901435244;22.12.1975;rolf.roland.1984@web.de
Udo;Schmidt;69121 ;Heidelberg;Husarenstr.;25a;015237734751;15.07.1979;udo.schmidt.91@web.de
Lana;Reich;06237 ;Leuna;Rudolf-Breitscheid-Str.;18;01779496921;18.01.1963;lana.reich@web.de
Frank;Wenzel;63075 ;Offenbach;Mühlheimer Str.;109b;01721826823;29.11.1969;frank.wenzel.1991@web.de
Axel;Stein;65187 ;Wiesbaden;Wielandstr.;31;01625617307;18.02.1968;axel.stein.89@web.de
Julia;Baer;52068 ;Aachen;Hüttenstr.;69;01738509364;18.10.1969;julia.baer.1991@web.de
Peter;Los;35037 ;Marburg;Frankfurter Str.;37;015751374479;12.01.1980;peter.los.1981@web.de
Holger;Preisel;01309 ;Dresden;Augsburger Str.;3;015786257842;06.04.1961;holger.preisel@web.de
Katja;Weider;12681 ;Berlin;Beilsteiner Str.;118;01762882539;06.11.1988;katja.weider@web.de
Mike;Koerner;44787 ;Bochum;Westring ;47;01780816986;29.04.1997;mike.koerner.92@web.de
Stefan;Beck;79110 ;Freiburg;Sundgauallee ;92;015257211631;04.07.1979;stefan.beck.1990@web.de
Steffen;Wiedermann;83483 ;Bischofswiesen;Struberberg ;10;015256271565;09.08.1972;steffen.wiedermann.91@web.de
Konrad;Brotmeier;22297 ;Hamburg;Kapstadtring ;10;01773325836;23.04.1965;konrad.brotmeier@web.de
Heike;Schmidt;50825 ;Köln;Maarweg ;151;015140729253;06.05.1975;heike.schmidt.1988@web.de
Alexander;Scholz;91126 ;Schwabach;Königsplatz ;23;01727544509;21.11.1986;alexander.scholz.1980@web.de
Maik;Kister;91522 ;Ansbach;Kronacherstr.;10;015789441422;11.03.1976;maik.kister@web.de
Heino;Baumfeld;99084 ;Erfurt;Fischmarkt ;5;015902092706;08.11.1970;heino.baumfeld@web.de
Joerg;Schrumpf;53111 ;Bonn;Wilhelmstr.;27;01789750336;08.12.1982;joerg.schrumpf@web.de
Rita;Fischer;06618 ;Naumburg;Lepsiusstr.;29;015171953050;15.02.1984;rita.fischer.79@web.de
Soeren;Sauer;26123 ;Oldenburg;Ammergaustr.;47;01748312817;28.03.1994;soeren.sauer.88@web.de
Holger;Heller;74074 ;Heilbronn;Gutenbergstr.;76;015153029246;11.03.1986;holger.heller.86@web.de
Sabrina;Hess;36132 ;Eiterfeld;Am Schloßgarten;3;015756189870;04.11.1979;sabrina.hess.90@web.de
Bernd;Heller;90480 ;Nürnberg;Bingstr.;60;015732583242;03.02.1985;bernd.heller.87@web.de
Isabelle;Schoen;15344 ;Strausberg;Prötzeler Chaussee;20;015118984301;27.11.1974;isabelle.schoen.92@web.de
Bodo;Rempel;88250 ;Weingarten;Kirchplatz ;2;01753114914;19.04.1988;bodo.rempel@web.de
Bastian;Kirchner;16225 ;Eberswalde;Schicklerstr.;14;015756047667;16.01.1964;bastian.kirchner.80@web.de
Antje;Sommer;94315 ;Straubing;Schlesische Str.;148;015252925654;13.08.1981;antje.sommer.1989@web.de
Heiko;Lins;38108 ;Braunschweig;Lilienthalplatz ;5;015209330108;05.01.1968;heiko.lins@web.de
Roman;Reuter;21335 ;Lüneburg;Heinrich-Böll-Str.;40;015173675797;22.03.1986;roman.reuter.91@web.de
Lena;Schroen;07545 ;Gera;Ziegelberg ;3;015777736396;24.06.1994;lena.schroen@web.de
Rainer;Hauser;34123 ;Kassel;Ochshäuser Str.;38;015250450118;03.07.1968;rainer.hauser.89@web.de
Anna;Schreck;56068 ;Koblenz;Altengraben ;48;015163703427;14.08.1991;anna.schreck.88@web.de
Bruno;Schreiber;07907 ;Schleiz;Neumarkt ;17;01743193795;02.11.1981;bruno.schreiber@web.de
Juergen;Maus;45899 ;Gelsenkirchen;Essener Str.;12;01605900644;17.04.1995;juergen.maus.1989@web.de
Gabi;Weitz;76307 ;Karlsbad;Im Stöckmädle;4;01633874782;13.07.1973;weitz.gabi@web.de
Bernd;Rubisch;39104 ;Magdeburg;Schönebecker Str.;50;015141678466;09.04.1969;rubisch.bernd@web.de
Uli;Schuhmann;86368 ;Gersthofen;Gutenbergstr.;10;015783108257;20.03.1964;schuhmann.uli@web.de
